년월일,업무구분,공장구분,HEAT_NO,LOT_NO,PON,공정순위,주조구분,재료코드,강종그룹,강종코드,사내강종명,사내강종명(제강),구)사내강종명,강종,품목,형상,용도,표면,열처리,외경,폭,내경,수요가,수요가명,수주번호,수주행번,생산의뢰번호,강관소재여부,발생일자,발생구분,발생공정,발생공정명,발생수량,발생중량,원인공정,원인공정명,이상구분,이상코드,이상코드명,이상분류,이상구분,상태코드,조치코드,조치코드명,조치일자,원인공정_작업조,출탕완료일시,주조완료일시,검사완료일시,초말구분,CAST내_수,CAST내_순,STRAND_NO,STRAND_SEQ,지시GR_종류,생산GR_종류,생산GR공정,GR_일자,압연공정1,압연일자1,압연외경1,압연폭1,압연공정2,압연일자2,압연외경2,압연폭2,압연공정3,압연일자3,압연외경3,압연폭3,압연공정4,압연일자4,압연외경4,압연폭4,최종압연공정,최종압연일자,제품압연작업조,생성일시,HCR,투입중량,주설비구분
2023-01-27,2,9,S52724,B310258804,D23W1W0873,90,T,7730,SSA,SSA118,STS304S5,STS304S5,S304,SUS304F,W,WR,DM,PF,SL,23,23,,S0556,"SeAH SPECIAL STEEL CO,. LTD.",D2023010133,014,D23W01W1182,N,2023-01-27,3,9W91,산세,1,155,8100,소형압연,2,D23,외경(변)미달,제품불량,치수,4,JR,폐기,2023-01-27,A,2023-01-02,2023-01-02,2023-01-04,,\5,\4,\1,\12,A,A,B301,2023-01-21,8100,2023-01-26,23,0,,,0,0,,,0,0,,,0,0,8100,2023-01-26,A,2023-02-02,,,C
2023-01-30,2,9,S51746,B2A0679502,D23W1W1011,80,T,7730,SSM,SSM202,316LDSZ,316LDSZ,,PSS316/316L,W,WR,DM,PK,SL,25,25,,20229,"DONG IL STEEL CO.,LTD.",D2023010121,009,D23W01W1149,N,2023-01-30,3,9W91,산세,1,155,8100,소형압연,2,H14,권취불량,제품불량,형상,4,JR,폐기,2023-01-30,A,2022-10-01,2022-10-01,2022-10-03,,\5,\5,\1,\11,A,A,8301,2023-01-25,8100,2023-01-27,25,0,,,0,0,,,0,0,,,0,0,8100,2023-01-27,A,2023-02-02,,,C
2023-01-28,2,9,S52461,B2C0715801,D23W1W1193,70,T,7730,SSA,SSA148,STS304LJS2,STS304LJS2,S304LJ,SUS304L,W,WR,DZ,PK,SL,20,20,,S1336,"SHIN JIN FASTENER CO.,LTD",D2023010134,022,D23W01W1201,N,2023-01-28,3,9W91,산세,1,170,8100,소형압연,2,S11,종크랙,제품불량,표면,4,JR,폐기,2023-01-28,B,2022-12-04,2022-12-04,2022-12-04,,\1,\1,\2,\7,,,,,8100,2023-01-24,20,0,,,0,0,,,0,0,,,0,0,8100,2023-01-24,B,2023-02-02,,,C
2023-01-28,2,9,S52727,B310330003,D23W1W1160,90,T,7730,SSA,SSA162,STS304SX,STS304SX,S304,304,W,WR,DM,PF,SL,26,26,,S0556,"SeAH SPECIAL STEEL CO,. LTD.",D2023010132,001,D23W01W1168,N,2023-01-28,3,9W91,산세,1,200,8100,소형압연,2,S32,OVERLAP,제품불량,표면,4,JR,폐기,2023-01-28,B,2023-01-02,2023-01-03,2023-01-03,,\4,\2,\4,\3,,,,,8100,2023-01-27,26,0,,,0,0,,,0,0,,,0,0,8100,2023-01-27,B,2023-02-02,,,C
2023-06-23,2,9,S54210,B350375501,D23W5W1348,82,T,7730,SSM,SSM181,316LDSB,316LDSB,S316/316LD,316/316L,W,WR,DM,PK,SL,30,30,,S0808,TPLEX.CO.Ltd.,D2023050157,013,D23W05W0579,N,2023-06-01,3,9W91,산세,1,"1,399",8100,소형압연,2,D12,진원도(편경차)불량,제품불량,치수,4,JR,폐기,2023-06-23,A,2023-05-02,2023-05-02,2023-05-02,,\4,\4,\2,\5,A,A,8301,2023-05-26,8100,2023-05-28,30,0,,,0,0,,,0,0,,,0,0,8100,2023-05-28,A,2023-07-04,,,C
2023-07-25,2,9,S54491,B350669900,D23W7W0210,80,T,7730,SSA,SSA162,STS304SX,STS304SX,S304,304,W,WR,DM,PK,SL,27,27,,S0808,TPLEX.CO.Ltd.,D2023070148,009,D23W07W0972,N,2023-07-25,3,9W91,산세,1,250,2Z00,2제강,2,S11,종크랙,제품불량,표면,4,JR,폐기,2023-07-25,,2023-05-30,2023-05-30,2023-05-31,F,\6,\1,\4,\1,D,D,8301,2023-07-05,8100,2023-07-22,27,0,,,0,0,,,0,0,,,0,0,8100,2023-07-22,D,2023-08-07,,,C
2023-09-01,2,9,S54751,B360554304,D23W8W1202,80,T,7730,SSH,SSH002,STS303SY,STS303SY,S303,303FM,W,WR,DM,PK,SL,26,26,,S0808,TPLEX.CO.Ltd.,D2023080206,010,D23W08W1614,N,2023-09-01,3,9W91,산세,1,"1,465",8100,소형압연,2,S20,SEAM+터짐,제품불량,표면,4,JR,폐기,2023-09-01,C,2023-06-27,2023-06-27,2023-06-27,,\5,\5,\4,\9,A,A,8301,2023-08-27,8100,2023-08-28,26,0,,,0,0,,,0,0,,,0,0,8100,2023-08-28,C,2023-10-05,,,C
2023-06-30,2,9,S54189,B350427400,D23W5W1458,72,T,7730,SSA,SSA127,STS304LS2,STS304LS2,S304LA,AISI304L,W,WR,DZ,PK,SL,27,27,,S1095,"KOWEL CO., LTD",D2023050142,003,D23W05W0493,N,2023-06-30,3,9W91,산세,1,"1,460",8100,소형압연,2,S34,압연 ROLL MARK,제품불량,표면,4,JR,폐기,2023-06-30,A,2023-04-30,2023-05-01,2023-05-02,,\2,\2,\6,\8,,,,,8100,2023-05-27,27,0,,,0,0,,,0,0,,,0,0,8100,2023-05-27,A,2023-07-04,,,C
2023-07-01,2,9,S54531,B360222002,E23W6W0224,102,T,7730,SSM,SSM212,STS316FS3,STS316FS3,,SUS316-S,W,WR,DM,PK,SL,20,20,,S6065,PROFIT GROUP INDUSTRIAL LIMITED,E2023060035,011,E23W06W0197,N,2023-07-01,3,9W91,산세,1,"1,449",8100,소형압연,2,S20,SEAM+터짐,제품불량,표면,4,JR,폐기,2023-07-01,D,2023-06-01,2023-06-01,2023-06-02,,\1,\1,\3,\9,A,A,8301,2023-06-21,8100,2023-06-23,20,0,,,0,0,,,0,0,,,0,0,8100,2023-06-23,D,2023-08-07,,,C
2023-06-15,2,9,S54144,B340595600,D23W5W0742,122,T,7730,SSH,SSH034,STS303FS8,STS303FS8,,SUS303F,W,WR,DM,PF,SL,30,30,,S0556,"SeAH SPECIAL STEEL CO,. LTD.",D2023050211,025,D23W05W1268,N,2023-06-15,3,9W91,산세,1,"1,263",8100,소형압연,2,D12,진원도(편경차)불량,제품불량,치수,4,JR,폐기,2023-06-15,A,2023-04-28,2023-04-28,2023-04-28,,\2,\1,\4,\13,A,A,8301,2023-05-17,8100,2023-05-28,30,0,,,0,0,,,0,0,,,0,0,8100,2023-05-28,A,2023-07-04,,,C
2023-09-01,2,9,S54751,B360554301,D23W8W1202,80,T,7730,SSH,SSH002,STS303SY,STS303SY,S303,303FM,W,WR,DM,PK,SL,26,26,,S0808,TPLEX.CO.Ltd.,D2023080206,010,D23W08W1614,N,2023-09-01,3,9W91,산세,1,300,2Z00,2제강,2,S11,종크랙,제품불량,표면,4,JR,폐기,2023-09-01,,2023-06-27,2023-06-27,2023-06-27,,\5,\5,\4,\10,A,A,8301,2023-08-27,8100,2023-08-28,26,0,,,0,0,,,0,0,,,0,0,8100,2023-08-28,C,2023-10-05,,,C
2023-06-28,2,9,S54144,B340595500,D23W5W0741,112,T,7730,SSH,SSH034,STS303FS8,STS303FS8,,STS303F,W,WR,DM,PK,SL,30,30,,S0808,TPLEX.CO.Ltd.,D2023050184,005,D23W05W0659,N,2023-06-28,3,9W91,산세,1,"1,265",8100,소형압연,2,D12,진원도(편경차)불량,제품불량,치수,4,JR,폐기,2023-06-28,A,2023-04-28,2023-04-28,2023-04-28,,\2,\1,\5,\13,A,A,8301,2023-05-17,8100,2023-05-28,30,0,,,0,0,,,0,0,,,0,0,8100,2023-05-28,A,2023-07-04,,,C
2023-07-06,2,9,S54494,B350634300,D23W6W1556,92,T,7730,SSA,SSA162,STS304SX,STS304SX,S304,CSS304FS,W,WR,DM,PF,SL,20,20,,S1065,SEAH METAL CO. LTD,D2023070020,001,D23W06W2458,N,2023-07-06,3,9W91,산세,1,"1,326",8100,소형압연,2,S34,압연 ROLL MARK,제품불량,표면,4,JR,폐기,2023-07-06,D,2023-05-30,2023-05-30,2023-05-31,,\6,\4,\4,\8,A,A,8301,2023-06-22,8100,2023-06-23,20,0,,,0,0,,,0,0,,,0,0,8100,2023-06-23,D,2023-08-07,,,C
2023-06-29,2,9,S54531,B360222004,E23W6W0224,100,T,7730,SSM,SSM212,STS316FS3,STS316FS3,,SUS316-S,W,WR,DM,PK,SL,20,20,,S6065,PROFIT GROUP INDUSTRIAL LIMITED,E2023060035,011,E23W06W0197,N,2023-06-29,3,9W91,산세,1,"1,514",8100,소형압연,2,S20,SEAM+터짐,제품불량,표면,4,JR,폐기,2023-06-29,D,2023-06-01,2023-06-01,2023-06-02,,\1,\1,\4,\10,A,A,8301,2023-06-21,8100,2023-06-23,20,0,,,0,0,,,0,0,,,0,0,8100,2023-06-23,D,2023-07-04,,,C
2023-06-15,2,9,S54144,B340595602,D23W5W0742,122,T,7730,SSH,SSH034,STS303FS8,STS303FS8,,SUS303F,W,WR,DM,PF,SL,30,30,,S0556,"SeAH SPECIAL STEEL CO,. LTD.",D2023050211,025,D23W05W1268,N,2023-06-15,3,9W91,산세,1,"1,319",8100,소형압연,2,D12,진원도(편경차)불량,제품불량,치수,4,JR,폐기,2023-06-15,A,2023-04-28,2023-04-28,2023-04-28,,\2,\1,\6,\13,A,A,8301,2023-05-17,8100,2023-05-28,30,0,,,0,0,,,0,0,,,0,0,8100,2023-05-28,A,2023-07-04,,,C
2023-09-11,2,9,S54809,B360549200,D23W8W1025,100,T,7730,SSG,SSG011,STS303CS9,STS303CS9,S303C,SUS303C,W,WR,DM,PK,SL,23,23,,20229,"DONG IL STEEL CO.,LTD.",D2023080072,002,D23W08W0256,N,2023-09-11,3,9W91,산세,1,"1,462",2Z00,2제강,2,S41,줄파임,제품불량,표면,4,JR,폐기,2023-09-11,,2023-06-30,2023-06-30,2023-07-01,,\1,\1,\5,\3,A,A,8301,2023-08-20,8100,2023-08-27,23,0,,,0,0,,,0,0,,,0,0,8100,2023-08-27,B,2023-10-05,,,C
2023-07-20,2,9,S54811,B370155103,D23W7W0824,80,T,7730,SSJ,SSJ016,STS304HCS5,STS304HCS5,S304HC,304HC,W,WR,DH,PK,SL,20,20,,S1336,"SHIN JIN FASTENER CO.,LTD",D2023070199,010,D23W07W1232,N,2023-07-20,3,9W91,산세,1,150,8100,소형압연,2,S20,SEAM+터짐,제품불량,표면,4,JR,폐기,2023-07-20,D,2023-06-30,2023-07-01,2023-07-01,,\2,\2,\6,\9,A,A,8301,2023-07-14,8100,2023-07-19,20,0,,,0,0,,,0,0,,,0,0,8100,2023-07-19,D,2023-08-07,,,C
2023-06-30,2,9,S54532,B360201700,D23W5W1665,110,T,7730,SSG,SSG011,STS303CS9,STS303CS9,S303C,SUS303C,W,WR,DM,PF,SL,21,21,,S1065,SEAH METAL CO. LTD,D2023050205,001,D23W05W1087,N,2023-06-30,3,9W91,산세,1,200,8100,소형압연,2,D12,진원도(편경차)불량,제품불량,치수,4,JR,폐기,2023-06-30,A,2023-06-01,2023-06-02,2023-06-02,F,\2,\1,\5,\3,A,A,8301,2023-06-22,8100,2023-06-23,21,0,,,0,0,,,0,0,,,0,0,8100,2023-06-23,A,2023-07-04,,,C
2023-07-22,2,9,S54491,B350669504,D23W7W0206,90,T,7730,SSA,SSA162,STS304SX,STS304SX,S304,CSS304F,W,WR,DM,PF,SL,26,26,,S0556,"SeAH SPECIAL STEEL CO,. LTD.",D2023070137,010,D23W07W0875,N,2023-07-22,3,9W91,산세,1,125,2T00,2제강,2,S22,터짐,제품불량,표면,4,JR,폐기,2023-07-22,,2023-05-30,2023-05-30,2023-05-31,F,\6,\1,\1,\2,A,A,8301,2023-07-05,8100,2023-07-21,26,0,,,0,0,,,0,0,,,0,0,8100,2023-07-21,C,2023-08-07,,,C
2023-07-22,2,9,S54491,B350669504,D23W7W0206,90,T,7730,SSA,SSA162,STS304SX,STS304SX,S304,CSS304F,W,WR,DM,PF,SL,26,26,,S0556,"SeAH SPECIAL STEEL CO,. LTD.",D2023070137,010,D23W07W0875,N,2023-07-22,3,9W91,산세,1,125,8T00,소형압연,2,S22,터짐,제품불량,표면,4,JR,폐기,2023-07-22,,2023-05-30,2023-05-30,2023-05-31,F,\6,\1,\1,\2,A,A,8301,2023-07-05,8100,2023-07-21,26,0,,,0,0,,,0,0,,,0,0,8100,2023-07-21,C,2023-08-07,,,C
2023-07-24,2,9,S54767,B360510704,D23W7W1178,82,T,7730,SSA,SSA162,STS304SX,STS304SX,S304,304,W,WR,DM,PK,SL,26,26,,S0808,TPLEX.CO.Ltd.,D2023070194,015,D23W07W1187,N,2023-07-24,3,9W91,산세,1,155,2Z00,2제강,2,S41,줄파임,제품불량,표면,4,JR,폐기,2023-07-24,,2023-06-28,2023-06-28,2023-06-28,,\7,\4,\6,\12,A,A,B301,2023-07-20,8100,2023-07-21,26,0,,,0,0,,,0,0,,,0,0,8100,2023-07-21,C,2023-08-07,,,C
2023-01-27,2,9,S52724,B310258608,D22WCW1776,90,T,7730,SSA,SSA118,STS304S5,STS304S5,S304,SUS304F,W,WR,DM,PF,SL,23,23,,S0556,"SeAH SPECIAL STEEL CO,. LTD.",D2022120193,011,D22W12W1901,N,2023-01-27,3,9W91,산세,1,155,8100,소형압연,2,D23,외경(변)미달,제품불량,치수,4,JR,폐기,2023-01-27,A,2023-01-02,2023-01-02,2023-01-04,,\5,\4,\4,\6,A,A,B301,2023-01-24,8100,2023-01-26,23,0,,,0,0,,,0,0,,,0,0,8100,2023-01-26,A,2023-02-02,,,C
2023-01-29,2,9,S52783,B310267700,D23W1W0929,90,T,7730,SSM,SSM024,316LDS1,316LDS1,S316/316LD,316/316L,W,WR,DZ,PF,SL,25,25,,S0556,"SeAH SPECIAL STEEL CO,. LTD.",D2023010133,005,D23W01W1319,N,2023-01-29,3,9W91,산세,1,150,8100,소형압연,2,S11,종크랙,제품불량,표면,4,JR,폐기,2023-01-29,A,2023-01-06,2023-01-07,2023-01-07,,\5,\2,\1,\4,A,A,8301,2023-01-24,8100,2023-01-27,25,0,,,0,0,,,0,0,,,0,0,8100,2023-01-27,A,2023-02-02,,,C
2023-01-31,2,9,S52430,B2C0373101,E22W9W0287,90,T,7730,SSL,SSL010,304N1TOMOE,STS304N1S2,,SUS304N1,W,WR,OS,PF,SL,19.5,19.5,,S1772,"TOMOE WORKS CO.,LTD.",E2022090035,001,E22W09W0214,N,2023-01-31,3,9W91,산세,1,200,8100,소형압연,2,D23,외경(변)미달,제품불량,치수,4,JR,폐기,2023-01-31,B,2022-12-01,2022-12-02,2022-12-03,,\2,\1,\3,\11,A,A,8301,2023-01-16,8100,2023-01-24,19.5,0,,,0,0,,,0,0,,,0,0,8100,2023-01-24,B,2023-02-02,,,C
2023-01-31,2,9,S51483,B290718200,D23W1W1196,90,T,7730,SSP,SSP002,STS316LFS2,STS316LFS2,S316LF,SUS316LF,W,WR,DM,PF,SL,20,20,,S1065,SEAH METAL CO. LTD,D2023010095,079,D23W01W1287,N,2023-01-31,3,9W91,산세,1,155,2Z00,2제강,2,S41,줄파임,제품불량,표면,4,JR,폐기,2023-01-31,,2022-09-04,2022-09-04,2022-09-05,,\1,\1,\1,\12,A,A,8301,2023-01-21,8100,2023-01-24,20,0,,,0,0,,,0,0,,,0,0,8100,2023-01-24,B,2023-02-02,,,C
2023-01-27,2,9,S52383,B2B0683902,D23W1W1130,70,T,7730,SSA,SSA162,STS304SX,STS304SX,S304,304,W,WR,DM,PK,SL,17,17,,S0808,TPLEX.CO.Ltd.,D2023010212,015,D23W01W1972,N,2023-01-27,3,9W91,산세,1,200,8100,소형압연,2,S20,SEAM+터짐,제품불량,표면,4,JR,폐기,2023-01-27,A,2022-11-28,2022-11-28,2022-12-01,,\4,\1,\6,\14,,,,,8100,2023-01-23,17,0,,,0,0,,,0,0,,,0,0,8100,2023-01-23,A,2023-02-02,,,C
2023-01-26,2,9,S52729,B310318100,D23W1W1135,70,T,7730,SSA,SSA162,STS304SX,STS304SX,S304,CSS304F,W,WR,DM,PK,SL,20,20,,20229,"DONG IL STEEL CO.,LTD.",D2023010126,010,D23W01W1298,N,2023-01-26,3,9W91,산세,1,"1,574",8100,소형압연,2,S20,SEAM+터짐,제품불량,표면,4,JR,폐기,2023-01-26,B,2023-01-03,2023-01-03,2023-01-05,,\4,\4,\6,\1,,,,,8100,2023-01-24,20,0,,,0,0,,,0,0,,,0,0,8100,2023-01-24,B,2023-02-02,,,C
2023-03-04,2,9,S53157,B320292902,D23W2W0941,82,T,7730,SSM,SSM024,316LDS1,316LDS1,S316/316LD,316/316L,W,WR,DZ,PK,SL,23,23,,S0808,TPLEX.CO.Ltd.,D2023020199,015,D23W02W1857,N,2023-03-04,3,9W91,산세,1,"1,430",8100,소형압연,2,S20,SEAM+터짐,제품불량,표면,4,JR,폐기,2023-03-04,B,2023-02-05,2023-02-05,2023-02-06,,\5,\1,\4,\3,A,A,B301,2023-02-18,8100,2023-02-20,23,0,,,0,0,,,0,0,,,0,0,8100,2023-02-20,B,2023-04-04,,,C
2023-04-29,2,9,S53875,B340365900,D23W4W1278,80,T,7730,SSM,SSM181,316LDSB,316LDSB,S316/316LD,316/316L,W,WR,DM,PK,SL,31,31,,S0808,TPLEX.CO.Ltd.,D2023040220,014,D23W04W1671,N,2023-04-29,3,9W91,산세,1,200,2T00,2제강,2,S22,터짐,제품불량,표면,4,JR,폐기,2023-04-29,,2023-04-01,2023-04-01,2023-04-03,,\4,\4,\6,\10,A,A,8301,2023-04-26,8100,2023-04-28,31,0,,,0,0,,,0,0,,,0,0,8100,2023-04-28,C,2023-05-03,,,C
2023-04-29,2,9,S53875,B340365900,D23W4W1278,80,T,7730,SSM,SSM181,316LDSB,316LDSB,S316/316LD,316/316L,W,WR,DM,PK,SL,31,31,,S0808,TPLEX.CO.Ltd.,D2023040220,014,D23W04W1671,N,2023-04-29,3,9W91,산세,1,200,8T00,소형압연,2,S22,터짐,제품불량,표면,4,JR,폐기,2023-04-29,,2023-04-01,2023-04-01,2023-04-03,,\4,\4,\6,\10,A,A,8301,2023-04-26,8100,2023-04-28,31,0,,,0,0,,,0,0,,,0,0,8100,2023-04-28,C,2023-05-03,,,C
2023-03-23,2,9,S53161,B320638402,D23W3W0896,80,T,7730,SSM,SSM202,316LDSZ,316LDSZ,,316/316LM,W,WR,DM,PK,SL,17,17,,S0808,TPLEX.CO.Ltd.,D2023030156,001,D23W03W0898,N,2023-03-23,3,9W91,산세,1,200,8100,소형압연,2,D12,진원도(편경차)불량,제품불량,치수,4,JR,폐기,2023-03-23,C,2023-02-05,2023-02-05,2023-02-08,,\5,\5,\4,\10,A,A,8301,2023-03-18,8100,2023-03-20,17,0,,,0,0,,,0,0,,,0,0,8100,2023-03-20,C,2023-04-04,,,C
2023-07-25,2,9,S54749,B360509104,D23W6W1682,90,T,7730,SSH,SSH030,STS303S1,STS303S1,S303,303FM,W,WR,DM,PK,SL,26,26,,S0808,TPLEX.CO.Ltd.,D2023060240,013,D23W06W1370,N,2023-07-25,3,9W91,산세,1,78,2T00,2제강,2,S22,터짐,제품불량,표면,4,JR,폐기,2023-07-25,,2023-06-26,2023-06-27,2023-06-27,,\5,\3,\4,\5,A,A,8301,2023-07-19,8100,2023-07-21,26,0,,,0,0,,,0,0,,,0,0,8100,2023-07-21,C,2023-08-07,,,C
2023-07-25,2,9,S54749,B360509104,D23W6W1682,90,T,7730,SSH,SSH030,STS303S1,STS303S1,S303,303FM,W,WR,DM,PK,SL,26,26,,S0808,TPLEX.CO.Ltd.,D2023060240,013,D23W06W1370,N,2023-07-25,3,9W91,산세,1,77,8T00,소형압연,2,S22,터짐,제품불량,표면,4,JR,폐기,2023-07-25,,2023-06-26,2023-06-27,2023-06-27,,\5,\3,\4,\5,A,A,8301,2023-07-19,8100,2023-07-21,26,0,,,0,0,,,0,0,,,0,0,8100,2023-07-21,C,2023-08-07,,,C
2023-04-01,2,9,S52727,B310330100,D23W1W1161,84,T,7730,SSA,SSA162,STS304SX,STS304SX,S304,SUS304,W,WR,DM,PK,SL,26.5,26.5,,S0808,TPLEX.CO.Ltd.,D2023010223,005,D23W01W1946,N,2023-04-01,3,9W91,산세,1,"1,395",8100,소형압연,2,S20,SEAM+터짐,제품불량,표면,4,JR,폐기,2023-04-01,B,2023-01-02,2023-01-03,2023-01-03,,\4,\2,,,,,,,8100,2023-01-27,26.5,0,,,0,0,,,0,0,,,0,0,8100,2023-01-27,B,2023-05-03,,,C
2023-03-25,2,9,S52105,B2B0694901,E23W3W0272,80,T,7730,SSA,SSA089,STS304J3KS2,STS304J3KS2,S304J3-K,SUS304J3-K,W,WR,DH,PK,SL,21,21,,S1568,"KISHIWADA STAINLESS CO., LTD.",E2023030081,013,E23W03W0318,N,2023-03-25,3,9W91,산세,1,"1,120",8100,소형압연,2,S20,SEAM+터짐,제품불량,표면,4,JR,폐기,2023-03-25,C,2022-11-02,2022-11-03,2022-11-03,F,\1,\1,\3,\1,D,D,8301,2023-03-24,8100,2023-03-24,21,0,,,0,0,,,0,0,,,0,0,8100,2023-03-24,C,2023-04-04,,,C
2023-03-01,2,9,S53209,B320362600,D23W1W1564,92,T,7730,SSP,SSP002,STS316LFS2,STS316LFS2,S316LF,SUS316LF,W,WR,DM,PF,SL,22,22,,S1065,SEAH METAL CO. LTD,D2023010095,080,D23W01W1061,N,2023-03-01,3,9W91,산세,1,250,8100,소형압연,2,S20,SEAM+터짐,제품불량,표면,4,JR,폐기,2023-03-01,B,2023-02-09,2023-02-09,2023-02-09,,\1,\1,\1,\9,A,A,B301,2023-02-18,8100,2023-02-19,22,0,,,0,0,,,0,0,,,0,0,8100,2023-02-19,B,2023-04-04,,,C
2023-04-24,2,9,S53822,B330799201,D23W4W1187,90,T,7730,SSA,SSA118,STS304S5,STS304S5,S304,SUS304F,W,WR,DM,PF,SL,24,24,,S0556,"SeAH SPECIAL STEEL CO,. LTD.",D2023040198,013,D23W04W0877,N,2023-04-24,3,9W91,산세,1,160,8100,소형압연,2,D23,외경(변)미달,제품불량,치수,4,JR,폐기,2023-04-24,D,2023-03-28,2023-03-29,2023-03-29,,\4,\4,\2,\6,A,A,B301,2023-04-20,8100,2023-04-23,24,0,,,0,0,,,0,0,,,0,0,8100,2023-04-23,D,2023-05-03,,,C
2023-03-30,2,9,S53496,B330487106,D23W3W1351,90,T,7730,SSM,SSM024,316LDS1,316LDS1,S316/316LD,316/316L,W,WR,DM,PF,SL,32,32,,S1065,SEAH METAL CO. LTD,D2023030186,007,D23W03W1302,N,2023-03-30,3,9W91,산세,1,100,2T00,2제강,2,S22,터짐,제품불량,표면,4,JR,폐기,2023-03-30,,2023-03-06,2023-03-06,2023-03-08,,\4,\2,\4,\1,A,A,8301,2023-03-29,8100,2023-03-29,32,0,,,0,0,,,0,0,,,0,0,8100,2023-03-29,D,2023-04-04,,,C
2023-03-30,2,9,S53496,B330487106,D23W3W1351,90,T,7730,SSM,SSM024,316LDS1,316LDS1,S316/316LD,316/316L,W,WR,DM,PF,SL,32,32,,S1065,SEAH METAL CO. LTD,D2023030186,007,D23W03W1302,N,2023-03-30,3,9W91,산세,1,100,8T00,소형압연,2,S22,터짐,제품불량,표면,4,JR,폐기,2023-03-30,,2023-03-06,2023-03-06,2023-03-08,,\4,\2,\4,\1,A,A,8301,2023-03-29,8100,2023-03-29,32,0,,,0,0,,,0,0,,,0,0,8100,2023-03-29,D,2023-04-04,,,C
2023-03-02,2,9,S53166,B320300404,D23W2W1019,80,T,7730,SSM,SSM024,316LDS1,316LDS1,S316/316LD,316/316L,W,WR,DZ,PK,SL,34,34,,S0808,TPLEX.CO.Ltd.,D2023020199,020,D23W02W1871,N,2023-03-02,3,9W91,산세,1,200,8100,소형압연,2,H14,권취불량,제품불량,형상,4,JR,폐기,2023-03-02,A,2023-02-05,2023-02-06,2023-02-06,,\5,\5,,,A,A,8301,2023-02-26,8100,2023-03-02,34,0,,,0,0,,,0,0,,,0,0,8100,2023-03-02,A,2023-04-04,,,C
2023-03-25,2,9,S50376,B250885001,E23W3W0271,80,T,6830,SSA,SSA089,STS304J3KS2,STS304J3KS2,S304J3-K,SUS304J3-K,W,WR,DH,PK,SL,21,21,,S1568,"KISHIWADA STAINLESS CO., LTD.",E2023030081,013,E23W03W0318,N,2023-03-25,3,9W91,산세,1,"1,479",8100,소형압연,2,S20,SEAM+터짐,제품불량,표면,4,JR,폐기,2023-03-25,C,2022-05-16,2022-05-17,2022-05-17,F,\1,\1,\4,\1,D,D,8301,2023-03-23,8100,2023-03-24,21,0,,,0,0,,,0,0,,,0,0,8100,2023-03-24,C,2023-04-04,,,C
2023-04-25,2,9,S53419,B330801400,D23W4W1205,90,T,7730,SSA,SSA162,STS304SX,STS304SX,S304,CSS304FS,W,WR,DM,PF,SL,25,25,,S1065,SEAH METAL CO. LTD,D2023040214,013,D23W04W1184,N,2023-04-25,3,9W91,산세,1,200,8100,소형압연,2,D23,외경(변)미달,제품불량,치수,4,JR,폐기,2023-04-25,B,2023-03-01,2023-03-01,2023-03-02,,\6,\2,\6,\4,A,A,8301,2023-04-21,8100,2023-04-23,25,0,,,0,0,,,0,0,,,0,0,8100,2023-04-23,B,2023-05-03,,,C
2023-04-28,2,9,S53876,B340365301,D23W4W1273,80,T,7730,SSM,SSM181,316LDSB,316LDSB,S316/316LD,316/316L,W,WR,DM,PK,SL,31,31,,S0808,TPLEX.CO.Ltd.,D2023040207,020,D23W04W1172,N,2023-04-28,3,9W91,산세,1,75,2T00,2제강,2,S22,터짐,제품불량,표면,4,JR,폐기,2023-04-28,,2023-04-01,2023-04-01,2023-04-02,F,\5,\1,\3,\1,D,D,8301,2023-04-22,8100,2023-04-28,31,0,,,0,0,,,0,0,,,0,0,8100,2023-04-28,C,2023-05-03,,,C
2023-04-28,2,9,S53876,B340365301,D23W4W1273,80,T,7730,SSM,SSM181,316LDSB,316LDSB,S316/316LD,316/316L,W,WR,DM,PK,SL,31,31,,S0808,TPLEX.CO.Ltd.,D2023040207,020,D23W04W1172,N,2023-04-28,3,9W91,산세,1,75,8T00,소형압연,2,S22,터짐,제품불량,표면,4,JR,폐기,2023-04-28,,2023-04-01,2023-04-01,2023-04-02,F,\5,\1,\3,\1,D,D,8301,2023-04-22,8100,2023-04-28,31,0,,,0,0,,,0,0,,,0,0,8100,2023-04-28,C,2023-05-03,,,C
2023-07-26,2,9,S54749,B360509309,E23W6W0261,90,T,7730,SSH,SSH030,STS303S1,STS303S1,S303,AISI303,W,WR,DM,PK,SL,26,26,,S0494,MARCEGAGLIA S.P.A,E2023060031,012,E23W06W0078,N,2023-07-26,3,9W91,산세,1,723,2T00,2제강,2,S22,터짐,제품불량,표면,4,JR,폐기,2023-07-26,,2023-06-26,2023-06-27,2023-06-27,,\5,\3,\5,\2,A,A,8301,2023-07-19,8100,2023-07-21,26,0,,,0,0,,,0,0,,,0,0,8100,2023-07-21,C,2023-08-07,,,C
2023-07-26,2,9,S54749,B360509309,E23W6W0261,90,T,7730,SSH,SSH030,STS303S1,STS303S1,S303,AISI303,W,WR,DM,PK,SL,26,26,,S0494,MARCEGAGLIA S.P.A,E2023060031,012,E23W06W0078,N,2023-07-26,3,9W91,산세,1,722,8T00,소형압연,2,S22,터짐,제품불량,표면,4,JR,폐기,2023-07-26,,2023-06-26,2023-06-27,2023-06-27,,\5,\3,\5,\2,A,A,8301,2023-07-19,8100,2023-07-21,26,0,,,0,0,,,0,0,,,0,0,8100,2023-07-21,C,2023-08-07,,,C
2023-04-30,2,9,S53874,B340367401,D23W4W1291,82,T,7730,SSM,SSM181,316LDSB,316LDSB,S316/316LD,316/316L,W,WR,DM,PK,SL,32,32,,S0808,TPLEX.CO.Ltd.,D2023040218,007,D23W04W1652,N,2023-04-30,3,9W91,산세,1,450,2Z00,2제강,2,S11,종크랙,제품불량,표면,4,JR,폐기,2023-04-30,,2023-04-01,2023-04-01,2023-04-06,,\4,\3,\2,\10,A,A,8301,2023-04-25,8100,2023-04-26,32,0,,,0,0,,,0,0,,,0,0,8100,2023-04-26,D,2023-05-03,,,C
2023-04-03,2,9,S50376,B250885000,E23W3W0271,82,T,6830,SSA,SSA089,STS304J3KS2,STS304J3KS2,S304J3-K,SUS304J3-K,W,WR,DH,PK,SL,21,21,,S1568,"KISHIWADA STAINLESS CO., LTD.",E2023030081,013,E23W03W0318,N,2023-04-03,3,9W91,산세,1,"1,375",2Z00,2제강,2,S32,OVERLAP,제품불량,표면,4,JR,폐기,2023-04-03,,2022-05-16,2022-05-17,2022-05-17,F,\1,\1,\5,\1,D,D,8301,2023-03-23,8100,2023-03-24,21,0,,,0,0,,,0,0,,,0,0,8100,2023-03-24,C,2023-05-03,,,C
2023-04-26,2,9,S53878,B340282303,D23W4W1086,90,T,7730,SSM,SSM181,316LDSB,316LDSB,S316/316LD,316/316L,W,WR,DZ,PF,SL,25,25,,S0556,"SeAH SPECIAL STEEL CO,. LTD.",D2023040198,007,D23W04W0889,N,2023-04-26,3,9W91,산세,1,170,8100,소형압연,2,D23,외경(변)미달,제품불량,치수,4,JR,폐기,2023-04-26,B,2023-04-01,2023-04-01,2023-04-02,,\5,\3,\1,\11,A,A,8301,2023-04-17,8100,2023-04-24,25,0,,,0,0,,,0,0,,,0,0,8100,2023-04-24,B,2023-05-03,,,C
2023-07-26,2,9,S54749,B360509405,E23W6W0261,92,T,7730,SSH,SSH030,STS303S1,STS303S1,S303,AISI303,W,WR,DM,PK,SL,26,26,,S0494,MARCEGAGLIA S.P.A,E2023060031,012,E23W06W0078,N,2023-07-26,3,9W91,산세,1,200,2T00,2제강,2,S22,터짐,제품불량,표면,4,JR,폐기,2023-07-26,,2023-06-26,2023-06-27,2023-06-27,,\5,\3,\5,\1,A,A,8301,2023-07-19,8100,2023-07-21,26,0,,,0,0,,,0,0,,,0,0,8100,2023-07-21,C,2023-08-07,,,C
2023-07-26,2,9,S54749,B360509405,E23W6W0261,92,T,7730,SSH,SSH030,STS303S1,STS303S1,S303,AISI303,W,WR,DM,PK,SL,26,26,,S0494,MARCEGAGLIA S.P.A,E2023060031,012,E23W06W0078,N,2023-07-26,3,9W91,산세,1,200,8T00,소형압연,2,S22,터짐,제품불량,표면,4,JR,폐기,2023-07-26,,2023-06-26,2023-06-27,2023-06-27,,\5,\3,\5,\1,A,A,8301,2023-07-19,8100,2023-07-21,26,0,,,0,0,,,0,0,,,0,0,8100,2023-07-21,C,2023-08-07,,,C
2023-04-29,2,9,S52101,B2B0696103,E23W4W0230,102,T,7730,SSM,SSM212,STS316FS3,STS316FS3,,SUS316-S,W,WR,DM,PK,SL,20,20,,S6065,PROFIT GROUP INDUSTRIAL LIMITED,E2023040073,004,E23W04W0307,N,2023-04-29,3,9W91,산세,1,300,8100,소형압연,2,S20,SEAM+터짐,제품불량,표면,4,JR,폐기,2023-04-29,A,2022-11-02,2022-11-02,2022-11-03,,\2,\2,,,A,A,B301,2023-04-20,8100,2023-04-21,20,0,,,0,0,,,0,0,,,0,0,8100,2023-04-21,A,2023-05-03,,,C
2023-03-27,2,9,S53513,B330464501,D23W3W1265,82,T,7730,SSJ,SSJ016,STS304HCS5,STS304HCS5,S304HC,304HC,W,WR,DH,PK,SL,22,22,,S1336,"SHIN JIN FASTENER CO.,LTD",D2023030181,012,D23W03W1082,N,2023-03-27,3,9W91,산세,1,125,2T00,2제강,2,S22,터짐,제품불량,표면,4,JR,폐기,2023-03-27,,2023-03-07,2023-03-07,2023-03-09,,\2,\2,\5,\7,A,A,8301,2023-03-22,8100,2023-03-25,22,0,,,0,0,,,0,0,,,0,0,8100,2023-03-25,C,2023-04-04,,,C
2023-03-27,2,9,S53513,B330464501,D23W3W1265,82,T,7730,SSJ,SSJ016,STS304HCS5,STS304HCS5,S304HC,304HC,W,WR,DH,PK,SL,22,22,,S1336,"SHIN JIN FASTENER CO.,LTD",D2023030181,012,D23W03W1082,N,2023-03-27,3,9W91,산세,1,125,8T00,소형압연,2,S22,터짐,제품불량,표면,4,JR,폐기,2023-03-27,,2023-03-07,2023-03-07,2023-03-09,,\2,\2,\5,\7,A,A,8301,2023-03-22,8100,2023-03-25,22,0,,,0,0,,,0,0,,,0,0,8100,2023-03-25,C,2023-04-04,,,C
2023-04-30,2,9,S53525,B330574801,D23W3W1523,92,T,7730,SSA,SSA118,STS304S5,STS304S5,S304,SUS304F,W,WR,DM,PF,SL,25,25,,S0556,"SeAH SPECIAL STEEL CO,. LTD.",D2023030205,013,D23W03W1575,N,2023-04-30,3,9W91,산세,1,200,8100,소형압연,2,H11,OVER FILLED,제품불량,형상,4,JR,폐기,2023-04-30,B,2023-03-08,2023-03-08,2023-03-09,,\5,\2,,,A,A,8301,2023-04-22,8100,2023-04-23,25,0,,,0,0,,,0,0,,,0,0,8100,2023-04-23,B,2023-05-03,,,C
2023-04-30,2,9,S53874,B340367300,D23W4W1290,92,T,7730,SSM,SSM181,316LDSB,316LDSB,S316/316LD,316/316L,W,WR,DZ,PF,SL,32,32,,S0556,"SeAH SPECIAL STEEL CO,. LTD.",D2023040219,002,D23W04W1641,N,2023-04-30,3,9W91,산세,1,300,8100,소형압연,2,S20,SEAM+터짐,제품불량,표면,4,JR,폐기,2023-04-30,D,2023-04-01,2023-04-01,2023-04-06,,\4,\3,\3,\9,A,A,8301,2023-04-25,8100,2023-04-26,32,0,,,0,0,,,0,0,,,0,0,8100,2023-04-26,D,2023-05-03,,,C
2023-03-28,2,9,S53500,B330442706,D23W3W1190,92,T,7730,SSM,SSM024,316LDS1,316LDS1,S316/316LD,316/316L,W,WR,DZ,PF,SL,25,25,,S0556,"SeAH SPECIAL STEEL CO,. LTD.",D2023030205,009,D23W03W1672,N,2023-03-28,3,9W91,산세,1,250,8100,소형압연,2,D23,외경(변)미달,제품불량,치수,4,JR,폐기,2023-03-28,C,2023-03-06,2023-03-06,2023-03-08,,\4,\2,\6,\3,A,A,8301,2023-03-25,8100,2023-03-26,25,0,,,0,0,,,0,0,,,0,0,8100,2023-03-26,C,2023-04-04,,,C
2023-04-28,2,9,S53419,B330811401,D23W4W1407,90,T,7730,SSA,SSA162,STS304SX,STS304SX,S304,CSS304F,W,WR,DM,PF,SL,29,29,,S0556,"SeAH SPECIAL STEEL CO,. LTD.",D2023040197,007,D23W04W0910,N,2023-04-28,3,9W91,산세,1,400,8100,소형압연,2,D24,외경(변)초과,제품불량,치수,4,JR,폐기,2023-04-28,D,2023-03-01,2023-03-01,2023-03-02,,\6,\2,\6,\5,A,A,8301,2023-04-21,8100,2023-04-25,29,0,,,0,0,,,0,0,,,0,0,8100,2023-04-25,D,2023-05-03,,,C
2023-04-20,2,9,N28906,B320030401,D23W2W1434,124,B,P280,SSM,SSM210,STS316LEPSC,STS316LEPSC,,SUS316LUHP-C,W,WR,DZ,PK,SL,24,24,,S0808,TPLEX.CO.Ltd.,D2023020198,037,D23W02W1888,N,2023-04-20,3,9W91,산세,1,125,W000,대형생산실공통,2,S22,터짐,제품불량,표면,4,JR,폐기,2023-04-20,,2023-02-02,2023-02-02,2023-02-02,,\2,\2,,,A,A,8301,2023-03-15,S105,2023-02-06,170,170,8100,2023-03-26,24,0,,,0,0,,,0,0,8100,2023-03-26,C,2023-05-03,,,C
2023-04-14,2,9,S53209,B320650200,D23W3W1295,90,T,7730,SSP,SSP002,STS316LFS2,STS316LFS2,S316LF,SUS316LF,W,WR,DM,PK,SL,22,22,,20229,"DONG IL STEEL CO.,LTD.",D2023030129,013,D23W03W0815,N,2023-04-14,3,9W91,산세,1,80,2T00,2제강,2,S22,터짐,제품불량,표면,4,JR,폐기,2023-04-14,,2023-02-09,2023-02-09,2023-02-09,,\1,\1,\2,\7,A,A,8301,2023-03-23,8100,2023-03-25,22,0,,,0,0,,,0,0,,,0,0,8100,2023-03-25,C,2023-05-03,,,C
2023-04-14,2,9,S53209,B320650200,D23W3W1295,90,T,7730,SSP,SSP002,STS316LFS2,STS316LFS2,S316LF,SUS316LF,W,WR,DM,PK,SL,22,22,,20229,"DONG IL STEEL CO.,LTD.",D2023030129,013,D23W03W0815,N,2023-04-14,3,9W91,산세,1,80,8T00,소형압연,2,S22,터짐,제품불량,표면,4,JR,폐기,2023-04-14,,2023-02-09,2023-02-09,2023-02-09,,\1,\1,\2,\7,A,A,8301,2023-03-23,8100,2023-03-25,22,0,,,0,0,,,0,0,,,0,0,8100,2023-03-25,C,2023-05-03,,,C
2023-03-26,2,9,S53212,B320649601,D23W3W1283,80,T,7730,SSA,SSA162,STS304SX,STS304SX,S304,304,W,WR,DM,PK,SL,23,23,,S0808,TPLEX.CO.Ltd.,D2023030144,009,D23W03W0836,N,2023-03-26,3,9W91,산세,1,200,8100,소형압연,2,S20,SEAM+터짐,제품불량,표면,4,JR,폐기,2023-03-26,B,2023-02-09,2023-02-09,2023-02-10,,\5,\1,\3,\4,A,A,8301,2023-03-23,8100,2023-03-26,23,0,,,0,0,,,0,0,,,0,0,8100,2023-03-26,B,2023-04-04,,,C
2023-03-26,2,9,S53209,B320650100,D23W3W1294,90,T,7730,SSP,SSP002,STS316LFS2,STS316LFS2,S316LF,SUS316LF,W,WR,DM,PK,SL,21,21,,20229,"DONG IL STEEL CO.,LTD.",D2023030129,012,D23W03W0863,N,2023-03-26,3,9W91,산세,1,400,8100,소형압연,2,S20,SEAM+터짐,제품불량,표면,4,JR,폐기,2023-03-26,C,2023-02-09,2023-02-09,2023-02-09,,\1,\1,\5,\6,A,A,8301,2023-03-23,8100,2023-03-24,21,0,,,0,0,,,0,0,,,0,0,8100,2023-03-24,C,2023-04-04,,,C
2023-04-29,2,9,S53209,B320362400,D23W2W1211,96,T,7730,SSP,SSP002,STS316LFS2,STS316LFS2,S316LF,SUS316LF,W,WR,DM,PK,SL,20,20,,20229,"DONG IL STEEL CO.,LTD.",D2023020103,012,D23W02W1374,N,2023-04-29,3,9W91,산세,1,"1,475",8100,소형압연,2,S20,SEAM+터짐,제품불량,표면,4,JR,폐기,2023-04-29,C,2023-02-09,2023-02-09,2023-02-09,,\1,\1,\3,\10,A,A,B301,2023-02-18,8100,2023-02-19,20,0,,,0,0,,,0,0,,,0,0,8100,2023-02-19,C,2023-05-03,,,C
2023-03-25,2,9,S52105,B2B0694900,E23W3W0272,80,T,7730,SSA,SSA089,STS304J3KS2,STS304J3KS2,S304J3-K,SUS304J3-K,W,WR,DH,PK,SL,21,21,,S1568,"KISHIWADA STAINLESS CO., LTD.",E2023030081,013,E23W03W0318,N,2023-03-25,3,9W91,산세,1,"1,511",8100,소형압연,2,S20,SEAM+터짐,제품불량,표면,4,JR,폐기,2023-03-25,C,2022-11-02,2022-11-03,2022-11-03,F,\1,\1,\4,\1,D,D,8301,2023-03-24,8100,2023-03-24,21,0,,,0,0,,,0,0,,,0,0,8100,2023-03-24,C,2023-04-04,,,C
2023-03-28,2,9,S53516,B330465000,E23W3W0274,80,T,7730,SSJ,SSJ019,STS304J3S2,STS304J3S2,S304J3,SUS304J3,W,WR,DH,PK,SL,24,24,,S1359,"NIPPON BYORA INDUSTRY, LTD.",E2023030078,005,E23W03W0286,N,2023-03-28,3,9W91,산세,1,250,8100,소형압연,2,D23,외경(변)미달,제품불량,치수,4,JR,폐기,2023-03-28,C,2023-03-07,2023-03-07,2023-03-08,,\3,\3,\1,\3,A,A,8301,2023-03-25,8100,2023-03-26,24,0,,,0,0,,,0,0,,,0,0,8100,2023-03-26,C,2023-04-04,,,C
2023-04-20,2,9,N28906,B320030401,D23W2W1434,124,B,P280,SSM,SSM210,STS316LEPSC,STS316LEPSC,,SUS316LUHP-C,W,WR,DZ,PK,SL,24,24,,S0808,TPLEX.CO.Ltd.,D2023020198,037,D23W02W1888,N,2023-04-20,3,9W91,산세,1,125,V000,소형생산실공통,2,S22,터짐,제품불량,표면,4,JR,폐기,2023-04-20,,2023-02-02,2023-02-02,2023-02-02,,\2,\2,,,A,A,8301,2023-03-15,S105,2023-02-06,170,170,8100,2023-03-26,24,0,,,0,0,,,0,0,8100,2023-03-26,C,2023-05-03,,,C
2023-03-23,2,9,S53161,B320638301,D23W3W0895,80,T,7730,SSM,SSM202,316LDSZ,316LDSZ,,PSS316/316L,W,WR,DM,PK,SL,17,17,,20229,"DONG IL STEEL CO.,LTD.",D2023030087,001,D23W03W0702,N,2023-03-23,3,9W91,산세,1,200,8100,소형압연,2,D23,외경(변)미달,제품불량,치수,4,JR,폐기,2023-03-23,C,2023-02-05,2023-02-05,2023-02-08,,\5,\5,\2,\10,A,A,8301,2023-03-18,8100,2023-03-20,17,0,,,0,0,,,0,0,,,0,0,8100,2023-03-20,C,2023-04-04,,,C
2023-03-28,2,9,S53500,B330441603,D23W3W1182,92,T,7730,SSM,SSM024,316LDS1,316LDS1,S316/316LD,316/316L,W,WR,DM,PF,SL,24,24,,S1065,SEAH METAL CO. LTD,D2023030192,007,D23W03W1310,N,2023-03-28,3,9W91,산세,1,350,8100,소형압연,2,D23,외경(변)미달,제품불량,치수,4,JR,폐기,2023-03-28,C,2023-03-06,2023-03-06,2023-03-08,,\4,\2,\4,\1,A,A,8301,2023-03-25,8100,2023-03-26,24,0,,,0,0,,,0,0,,,0,0,8100,2023-03-26,C,2023-04-04,,,C
2023-04-27,2,9,S53485,B330781801,D23W3W1613,80,T,7730,SSM,SSM053,316LDS2,316LDS2,S316/316LD,316/316L,W,WR,DM,PK,SL,25,25,,20229,"DONG IL STEEL CO.,LTD.",D2023030110,018,D23W03W0813,N,2023-04-27,3,9W91,산세,1,200,8100,소형압연,2,D23,외경(변)미달,제품불량,치수,4,JR,폐기,2023-04-27,B,2023-03-05,2023-03-05,2023-03-06,,\2,\1,\3,\5,A,A,B301,2023-04-17,8100,2023-04-24,25,0,,,0,0,,,0,0,,,0,0,8100,2023-04-24,B,2023-05-03,,,C
2023-07-06,2,9,S54502,B350620901,D23W6W1304,82,T,7730,SSA,SSA162,STS304SX,STS304SX,S304,CSS304F,W,WR,DM,PK,SL,20,20,,20229,"DONG IL STEEL CO.,LTD.",D2023060121,017,D23W06W1896,N,2023-07-06,3,9W91,산세,1,"1,317",8100,소형압연,2,S34,압연 ROLL MARK,제품불량,표면,4,JR,폐기,2023-07-06,D,2023-05-31,2023-05-31,2023-06-01,,\6,\2,\3,\3,A,A,8301,2023-06-20,8100,2023-06-23,20,0,,,0,0,,,0,0,,,0,0,8100,2023-06-23,D,2023-08-07,,,C
2023-07-12,2,9,S54215,B350623505,D23W6W1336,84,T,7730,SSM,SSM104,STS316LS2,STS316LS2,S316LA,AISI316L,W,WR,DZ,PK,SL,20,20,,S1065,SEAH METAL CO. LTD,D2023070014,003,D23W06W2400,N,2023-07-12,3,9W91,산세,1,"1,427",8100,소형압연,2,S13,SEAM,제품불량,표면,4,JR,폐기,2023-07-12,D,2023-05-02,2023-05-02,2023-05-03,,\2,\1,\2,\6,A,A,8301,2023-06-19,8100,2023-06-23,20,0,,,0,0,,,0,0,,,0,0,8100,2023-06-23,D,2023-08-07,,,C
2023-04-14,2,9,N28906,B320030500,D23W2W1435,120,B,P280,SSM,SSM210,STS316LEPSC,STS316LEPSC,,SUS316LUHP-C,W,WR,DZ,PK,SL,24,24,,S0808,TPLEX.CO.Ltd.,D2023020198,037,D23W02W1888,N,2023-04-14,3,9W91,산세,1,200,8100,소형압연,2,D23,외경(변)미달,제품불량,치수,4,JR,폐기,2023-04-14,C,2023-02-02,2023-02-02,2023-02-02,,\2,\2,,,A,A,8301,2023-03-15,S105,2023-02-06,170,170,8100,2023-03-26,24,0,,,0,0,,,0,0,8100,2023-03-26,C,2023-05-03,,,C
2023-03-27,2,9,S53500,B330442806,D23W3W1190,90,T,7730,SSM,SSM024,316LDS1,316LDS1,S316/316LD,316/316L,W,WR,DZ,PF,SL,25,25,,S0556,"SeAH SPECIAL STEEL CO,. LTD.",D2023030205,009,D23W03W1672,N,2023-03-27,3,9W91,산세,1,150,2T00,2제강,2,S22,터짐,제품불량,표면,4,JR,폐기,2023-03-27,,2023-03-06,2023-03-06,2023-03-08,,\4,\2,\5,\6,A,A,8301,2023-03-25,8100,2023-03-26,25,0,,,0,0,,,0,0,,,0,0,8100,2023-03-26,C,2023-04-04,,,C
2023-03-27,2,9,S53500,B330442806,D23W3W1190,90,T,7730,SSM,SSM024,316LDS1,316LDS1,S316/316LD,316/316L,W,WR,DZ,PF,SL,25,25,,S0556,"SeAH SPECIAL STEEL CO,. LTD.",D2023030205,009,D23W03W1672,N,2023-03-27,3,9W91,산세,1,150,8T00,소형압연,2,S22,터짐,제품불량,표면,4,JR,폐기,2023-03-27,,2023-03-06,2023-03-06,2023-03-08,,\4,\2,\5,\6,A,A,8301,2023-03-25,8100,2023-03-26,25,0,,,0,0,,,0,0,,,0,0,8100,2023-03-26,C,2023-04-04,,,C
2023-04-28,2,9,S53417,B320689802,D23W4W1425,80,T,7730,SSA,SSA162,STS304SX,STS304SX,S304,304,W,WR,DM,PK,SL,33,33,,S0808,TPLEX.CO.Ltd.,D2023040192,019,D23W04W0931,N,2023-04-28,3,9W91,산세,1,200,2T00,2제강,2,S22,터짐,제품불량,표면,4,JR,폐기,2023-04-28,,2023-02-28,2023-02-28,2023-03-02,,\1,\1,\1,\4,A,A,8301,2023-04-25,8100,2023-04-26,33,0,,,0,0,,,0,0,,,0,0,8100,2023-04-26,D,2023-05-03,,,C
2023-04-28,2,9,S53417,B320689802,D23W4W1425,80,T,7730,SSA,SSA162,STS304SX,STS304SX,S304,304,W,WR,DM,PK,SL,33,33,,S0808,TPLEX.CO.Ltd.,D2023040192,019,D23W04W0931,N,2023-04-28,3,9W91,산세,1,200,8T00,소형압연,2,S22,터짐,제품불량,표면,4,JR,폐기,2023-04-28,,2023-02-28,2023-02-28,2023-03-02,,\1,\1,\1,\4,A,A,8301,2023-04-25,8100,2023-04-26,33,0,,,0,0,,,0,0,,,0,0,8100,2023-04-26,D,2023-05-03,,,C
2023-04-28,2,9,S53417,B320689801,D23W4W1425,80,T,7730,SSA,SSA162,STS304SX,STS304SX,S304,304,W,WR,DM,PK,SL,33,33,,S0808,TPLEX.CO.Ltd.,D2023040192,019,D23W04W0931,N,2023-04-28,3,9W91,산세,1,100,2T00,2제강,2,S22,터짐,제품불량,표면,4,JR,폐기,2023-04-28,,2023-02-28,2023-02-28,2023-03-02,,\1,\1,\3,\5,A,A,8301,2023-04-25,8100,2023-04-26,33,0,,,0,0,,,0,0,,,0,0,8100,2023-04-26,D,2023-05-03,,,C
2023-04-28,2,9,S53417,B320689801,D23W4W1425,80,T,7730,SSA,SSA162,STS304SX,STS304SX,S304,304,W,WR,DM,PK,SL,33,33,,S0808,TPLEX.CO.Ltd.,D2023040192,019,D23W04W0931,N,2023-04-28,3,9W91,산세,1,100,8T00,소형압연,2,S22,터짐,제품불량,표면,4,JR,폐기,2023-04-28,,2023-02-28,2023-02-28,2023-03-02,,\1,\1,\3,\5,A,A,8301,2023-04-25,8100,2023-04-26,33,0,,,0,0,,,0,0,,,0,0,8100,2023-04-26,D,2023-05-03,,,C
2023-04-29,2,9,S52101,B2B0696102,E23W4W0230,102,T,7730,SSM,SSM212,STS316FS3,STS316FS3,,SUS316-S,W,WR,DM,PK,SL,20,20,,S6065,PROFIT GROUP INDUSTRIAL LIMITED,E2023040073,004,E23W04W0307,N,2023-04-29,3,9W91,산세,1,300,8100,소형압연,2,S20,SEAM+터짐,제품불량,표면,4,JR,폐기,2023-04-29,A,2022-11-02,2022-11-02,2022-11-03,,\2,\2,\3,\6,A,A,B301,2023-04-20,8100,2023-04-21,20,0,,,0,0,,,0,0,,,0,0,8100,2023-04-21,A,2023-05-03,,,C
2023-04-24,2,9,S53821,B330799309,D23W4W1188,90,T,7730,SSA,SSA118,STS304S5,STS304S5,S304,SUS304F,W,WR,DM,PF,SL,24,24,,S0556,"SeAH SPECIAL STEEL CO,. LTD.",D2023040198,013,D23W04W0877,N,2023-04-24,3,9W91,산세,1,"1,506",8100,소형압연,2,S20,SEAM+터짐,제품불량,표면,4,JR,폐기,2023-04-24,D,2023-03-28,2023-03-29,2023-03-30,,\4,\3,\4,\10,A,A,8301,2023-04-22,8100,2023-04-23,24,0,,,0,0,,,0,0,,,0,0,8100,2023-04-23,D,2023-05-03,,,C
2023-03-27,2,9,S53500,B330442601,D23W3W1190,90,T,7730,SSM,SSM024,316LDS1,316LDS1,S316/316LD,316/316L,W,WR,DZ,PF,SL,25,25,,S0556,"SeAH SPECIAL STEEL CO,. LTD.",D2023030205,009,D23W03W1672,N,2023-03-27,3,9W91,산세,1,155,8100,소형압연,2,S20,SEAM+터짐,제품불량,표면,4,JR,폐기,2023-03-27,C,2023-03-06,2023-03-06,2023-03-08,,\4,\2,\1,\12,A,A,8301,2023-03-25,8100,2023-03-26,25,0,,,0,0,,,0,0,,,0,0,8100,2023-03-26,C,2023-04-04,,,C
2023-03-25,2,9,S53515,B330465102,E23W3W0275,80,T,7730,SSJ,SSJ025,STS304J3S9,STS304J3S9,S304J3,SUS304J3,W,WR,DH,PK,SL,21,21,,S1568,"KISHIWADA STAINLESS CO., LTD.",E2023030081,003,E23W03W0269,N,2023-03-25,3,9W91,산세,1,"1,499",8100,소형압연,2,S20,SEAM+터짐,제품불량,표면,4,JR,폐기,2023-03-25,C,2023-03-07,2023-03-07,2023-03-08,,\3,\2,\3,\6,A,A,8301,2023-03-23,8100,2023-03-24,21,0,,,0,0,,,0,0,,,0,0,8100,2023-03-24,C,2023-04-04,,,C
2023-03-25,2,9,S52105,B2B0695000,E23W3W0273,80,T,7730,SSA,SSA089,STS304J3KS2,STS304J3KS2,S304J3-K,SUS304J3-K,W,WR,DH,PK,SL,21,21,,S1568,"KISHIWADA STAINLESS CO., LTD.",E2023030081,013,E23W03W0318,N,2023-03-25,3,9W91,산세,1,"1,537",8100,소형압연,2,S20,SEAM+터짐,제품불량,표면,4,JR,폐기,2023-03-25,C,2022-11-02,2022-11-03,2022-11-03,F,\1,\1,\3,\3,A,A,8301,2023-03-23,8100,2023-03-24,21,0,,,0,0,,,0,0,,,0,0,8100,2023-03-24,C,2023-04-04,,,C
2023-03-27,2,9,S53499,B330442908,D23W3W1191,90,T,7730,SSM,SSM024,316LDS1,316LDS1,S316/316LD,316/316L,W,WR,DZ,PF,SL,25,25,,S0556,"SeAH SPECIAL STEEL CO,. LTD.",D2023030205,009,D23W03W1672,N,2023-03-27,3,9W91,산세,1,155,8100,소형압연,2,S20,SEAM+터짐,제품불량,표면,4,JR,폐기,2023-03-27,C,2023-03-06,2023-03-06,2023-03-08,,\4,\1,\4,\2,A,A,8301,2023-03-26,8100,2023-03-26,25,0,,,0,0,,,0,0,,,0,0,8100,2023-03-26,C,2023-04-04,,,C
2023-01-31,2,9,S52430,B2C0373301,E22WCW0228,90,T,7730,SSL,SSL010,304N1TOMOE,STS304N1S2,,SUS304N1,W,WR,OS,PF,SL,19.5,19.5,,S1772,"TOMOE WORKS CO.,LTD.",E2022120078,001,E22W12W0265,N,2023-01-31,3,9W91,산세,1,200,8100,소형압연,2,D23,외경(변)미달,제품불량,치수,4,JR,폐기,2023-01-31,B,2022-12-01,2022-12-02,2022-12-03,,\2,\1,,,A,A,8301,2023-01-16,8100,2023-01-24,19.5,0,,,0,0,,,0,0,,,0,0,8100,2023-01-24,B,2023-02-02,,,C
2023-05-29,2,9,S53872,B340624400,D23W5W1199,80,T,7730,SSM,SSM181,316LDSB,316LDSB,S316/316LD,316/316L,W,WR,DM,PK,SL,25,25,,S0808,TPLEX.CO.Ltd.,D2023050157,009,D23W05W0580,N,2023-05-29,3,9W91,산세,1,155,8100,소형압연,2,S20,SEAM+터짐,제품불량,표면,4,JR,폐기,2023-05-29,B,2023-04-01,2023-04-01,2023-04-03,,\4,\1,\5,\6,A,A,8301,2023-05-22,8100,2023-05-26,25,0,,,0,0,,,0,0,,,0,0,8100,2023-05-26,B,2023-06-02,,,C
2023-02-23,2,9,S53090,B320360601,D23W2W1205,90,T,7730,SSA,SSA118,STS304S5,STS304S5,S304,SUS304F,W,WR,DM,PF,SL,22,22,,S0556,"SeAH SPECIAL STEEL CO,. LTD.",D2022120976,001,D23W02W0736,N,2023-02-23,3,9W91,산세,1,200,8100,소형압연,2,S20,SEAM+터짐,제품불량,표면,4,JR,폐기,2023-02-23,B,2023-01-31,2023-02-01,2023-02-01,,\3,\3,\3,\2,A,A,8301,2023-02-19,8100,2023-02-19,22,0,,,0,0,,,0,0,,,0,0,8100,2023-02-19,B,2023-03-03,,,C
2023-02-24,2,9,S53086,B310625700,E23W2W0241,90,T,7730,SSH,SSH030,STS303S1,STS303S1,S303,1.4305,W,WR,DM,PK,SL,24,24,,S6392,"BELLUS CO.,LTD",E2023020073,008,E23W02W0175,N,2023-02-24,3,9W91,산세,1,300,8100,소형압연,2,D23,외경(변)미달,제품불량,치수,4,JR,폐기,2023-02-24,A,2023-01-31,2023-01-31,2023-02-01,,\4,\4,\1,\7,A,A,8301,2023-02-17,8100,2023-02-20,24,0,,,0,0,,,0,0,,,0,0,8100,2023-02-20,A,2023-03-03,,,C
2023-02-24,2,9,S53086,B310625701,E23W2W0241,90,T,7730,SSH,SSH030,STS303S1,STS303S1,S303,1.4305,W,WR,DM,PK,SL,24,24,,S6392,"BELLUS CO.,LTD",E2023020073,008,E23W02W0175,N,2023-02-24,3,9W91,산세,1,200,8100,소형압연,2,D23,외경(변)미달,제품불량,치수,4,JR,폐기,2023-02-24,A,2023-01-31,2023-01-31,2023-02-01,,\4,\4,\2,\7,A,A,8301,2023-02-17,8100,2023-02-20,24,0,,,0,0,,,0,0,,,0,0,8100,2023-02-20,A,2023-03-03,,,C
2023-02-24,2,9,S53086,B310625200,E23W2W0237,90,T,7730,SSH,SSH030,STS303S1,STS303S1,S303,1.4305,W,WR,DM,PK,SL,18,18,,S6392,"BELLUS CO.,LTD",E2023020073,004,E23W02W0185,N,2023-02-24,3,9W91,산세,1,200,8100,소형압연,2,D23,외경(변)미달,제품불량,치수,4,JR,폐기,2023-02-24,C,2023-01-31,2023-01-31,2023-02-01,,\4,\4,\1,\8,A,A,8301,2023-02-17,8100,2023-02-18,18,0,,,0,0,,,0,0,,,0,0,8100,2023-02-18,C,2023-03-03,,,C
2023-02-24,2,9,S53086,B310625402,D23W2W1183,90,T,7730,SSH,SSH030,STS303S1,STS303S1,S303,303FM,W,WR,DM,PK,SL,21,21,,S0808,TPLEX.CO.Ltd.,D2023020137,007,D23W02W1594,N,2023-02-24,3,9W91,산세,1,200,8100,소형압연,2,D23,외경(변)미달,제품불량,치수,4,JR,폐기,2023-02-24,C,2023-01-31,2023-01-31,2023-02-01,,\4,\4,\5,\6,A,A,8301,2023-02-17,8100,2023-02-19,21,0,,,0,0,,,0,0,,,0,0,8100,2023-02-19,C,2023-03-03,,,C
2023-02-19,2,9,S53160,B320289502,D23W2W0898,80,T,7730,SSM,SSM024,316LDS1,316LDS1,S316/316LD,316/316L,W,WR,DZ,PK,SL,19,19,,S0808,TPLEX.CO.Ltd.,D2023020199,013,D23W02W1910,N,2023-02-19,3,9W91,산세,1,400,8100,소형압연,2,S20,SEAM+터짐,제품불량,표면,4,JR,폐기,2023-02-19,D,2023-02-05,2023-02-05,2023-02-06,,\5,\4,\6,\7,A,A,B301,2023-02-18,8100,2023-02-18,19,0,,,0,0,,,0,0,,,0,0,8100,2023-02-18,D,2023-03-03,,,C
2023-02-20,2,9,S53215,B320264800,D23W2W0718,90,T,7730,SSA,SSA162,STS304SX,STS304SX,S304,CSS304F,W,WR,DM,PF,SL,21,21,,S0556,"SeAH SPECIAL STEEL CO,. LTD.",D2023020073,002,D23W02W0761,N,2023-02-20,3,9W91,산세,1,200,8100,소형압연,2,D23,외경(변)미달,제품불량,치수,4,JR,폐기,2023-02-20,C,2023-02-09,2023-02-09,2023-02-10,,\5,\4,\1,\10,A,A,8301,2023-02-16,8100,2023-02-19,21,0,,,0,0,,,0,0,,,0,0,8100,2023-02-19,C,2023-03-03,,,C
2023-02-20,2,9,S53215,B320264601,D23W2W0717,90,T,7730,SSA,SSA162,STS304SX,STS304SX,S304,CSS304FS,W,WR,DM,PF,SL,21,21,,S1065,SEAH METAL CO. LTD,D2023020061,008,D23W02W0678,N,2023-02-20,3,9W91,산세,1,200,8100,소형압연,2,D23,외경(변)미달,제품불량,치수,4,JR,폐기,2023-02-20,D,2023-02-09,2023-02-09,2023-02-10,,\5,\4,\3,\7,A,A,8301,2023-02-16,8100,2023-02-19,21,0,,,0,0,,,0,0,,,0,0,8100,2023-02-19,D,2023-03-03,,,C
2023-02-19,2,9,S53160,B320288001,D23W2W0881,90,T,7730,SSM,SSM024,316LDS1,316LDS1,S316/316LD,316/316L,W,WR,DZ,PF,SL,17,17,,S0556,"SeAH SPECIAL STEEL CO,. LTD.",D2023020073,009,D23W02W0789,N,2023-02-19,3,9W91,산세,1,400,8100,소형압연,2,S20,SEAM+터짐,제품불량,표면,4,JR,폐기,2023-02-19,A,2023-02-05,2023-02-05,2023-02-06,,\5,\4,\1,\4,A,A,B301,2023-02-17,8100,2023-02-18,17,0,,,0,0,,,0,0,,,0,0,8100,2023-02-18,A,2023-03-03,,,C
2023-02-19,2,9,S53159,B320289601,D23W2W0902,80,T,7730,SSM,SSM024,316LDS1,316LDS1,S316/316LD,316/316L,W,WR,DZ,PK,SL,19,19,,S0808,TPLEX.CO.Ltd.,D2023020118,007,D23W02W1625,N,2023-02-19,3,9W91,산세,1,400,8100,소형압연,2,S20,SEAM+터짐,제품불량,표면,4,JR,폐기,2023-02-19,C,2023-02-05,2023-02-05,2023-02-06,,\5,\3,\3,\12,A,A,8301,2023-02-18,8100,2023-02-18,19,0,,,0,0,,,0,0,,,0,0,8100,2023-02-18,C,2023-03-03,,,C
2023-02-19,2,9,S53141,B320360200,D23W2W1204,70,T,7730,SSA,SSA112,STS304S2,STS304S2,S304,304,W,WR,DZ,PK,SL,19,19,,S1199,"OSUNG Fasteners Co.,LTD",D2023020541,001,D23W02W2348,N,2023-02-19,3,9W91,산세,1,350,8100,소형압연,2,S20,SEAM+터짐,제품불량,표면,4,JR,폐기,2023-02-19,D,2023-02-04,2023-02-04,2023-02-05,,\4,\4,\5,\8,,,,,8100,2023-02-18,19,0,,,0,0,,,0,0,,,0,0,8100,2023-02-18,D,2023-03-03,,,C
2023-02-19,2,9,S53160,B320289107,D23W2W0893,90,T,7730,SSM,SSM024,316LDS1,316LDS1,S316/316LD,316/316L,W,WR,DZ,PF,SL,19,19,,S0556,"SeAH SPECIAL STEEL CO,. LTD.",D2023020069,032,D23W02W0814,N,2023-02-19,3,9W91,산세,1,180,8100,소형압연,2,D23,외경(변)미달,제품불량,치수,4,JR,폐기,2023-02-19,D,2023-02-05,2023-02-05,2023-02-06,,\5,\4,\4,\8,A,A,B301,2023-02-18,8100,2023-02-18,19,0,,,0,0,,,0,0,,,0,0,8100,2023-02-18,D,2023-03-03,,,C
2023-02-21,2,9,S53090,B320360802,D23W2W1206,90,T,7730,SSA,SSA118,STS304S5,STS304S5,S304,SUS304F,W,WR,DM,PF,SL,23,23,,S0556,"SeAH SPECIAL STEEL CO,. LTD.",D2023020073,018,D23W02W0766,N,2023-02-21,3,9W91,산세,1,200,8100,소형압연,2,D23,외경(변)미달,제품불량,치수,4,JR,폐기,2023-02-21,B,2023-01-31,2023-02-01,2023-02-01,,\3,\3,\3,\10,A,A,8301,2023-02-19,8100,2023-02-20,23,0,,,0,0,,,0,0,,,0,0,8100,2023-02-20,B,2023-03-03,,,C
2023-02-21,2,9,S53089,B320361301,D23W2W1208,90,T,7730,SSA,SSA118,STS304S5,STS304S5,S304,SUS304F,W,WR,DM,PF,SL,24,24,,S0556,"SeAH SPECIAL STEEL CO,. LTD.",D2023020073,019,D23W02W0739,N,2023-02-21,3,9W91,산세,1,250,8100,소형압연,2,D24,외경(변)초과,제품불량,치수,4,JR,폐기,2023-02-21,A,2023-01-31,2023-02-01,2023-02-01,,\3,\2,\3,\10,A,A,8301,2023-02-19,8100,2023-02-20,24,0,,,0,0,,,0,0,,,0,0,8100,2023-02-20,A,2023-03-03,,,C
2023-02-20,2,9,S53159,B320290102,D23W2W0909,80,T,7730,SSM,SSM024,316LDS1,316LDS1,S316/316LD,316/316L,W,WR,DM,PK,SL,20,20,,20229,"DONG IL STEEL CO.,LTD.",D2023020097,004,D23W02W1375,N,2023-02-20,3,9W91,산세,1,"1,528",V000,소형생산실공통,2,S11,종크랙,제품불량,표면,4,JR,폐기,2023-02-20,,2023-02-05,2023-02-05,2023-02-06,,\5,\3,\3,\11,A,A,8301,2023-02-18,8100,2023-02-19,20,0,,,0,0,,,0,0,,,0,0,8100,2023-02-19,C,2023-03-03,,,C
2023-02-24,2,9,S53086,B310625403,D23W2W1183,90,T,7730,SSH,SSH030,STS303S1,STS303S1,S303,303FM,W,WR,DM,PK,SL,21,21,,S0808,TPLEX.CO.Ltd.,D2023020137,007,D23W02W1594,N,2023-02-24,3,9W91,산세,1,250,8100,소형압연,2,D23,외경(변)미달,제품불량,치수,4,JR,폐기,2023-02-24,C,2023-01-31,2023-01-31,2023-02-01,,\4,\4,\3,\7,A,A,8301,2023-02-17,8100,2023-02-19,21,0,,,0,0,,,0,0,,,0,0,8100,2023-02-19,C,2023-03-03,,,C
2023-02-21,2,9,S53215,B320265800,D23W2W0728,90,T,7730,SSA,SSA162,STS304SX,STS304SX,S304,CSS304F,W,WR,DM,PF,SL,24,24,,S0556,"SeAH SPECIAL STEEL CO,. LTD.",D2023020073,004,D23W02W0762,N,2023-02-21,3,9W91,산세,1,250,8100,소형압연,2,D24,외경(변)초과,제품불량,치수,4,JR,폐기,2023-02-21,A,2023-02-09,2023-02-09,2023-02-10,,\5,\4,\3,\3,A,A,8301,2023-02-16,8100,2023-02-20,24,0,,,0,0,,,0,0,,,0,0,8100,2023-02-20,A,2023-03-03,,,C
2023-02-20,2,9,S53216,B320263701,D23W2W0709,80,T,7730,SSA,SSA162,STS304SX,STS304SX,S304,304,W,WR,DM,PK,SL,18,18,,S0808,TPLEX.CO.Ltd.,D2023020198,013,D23W02W1878,N,2023-02-20,3,9W91,산세,1,180,8100,소형압연,2,D23,외경(변)미달,제품불량,치수,4,JR,폐기,2023-02-20,C,2023-02-09,2023-02-09,2023-02-10,,\5,\5,\5,\6,A,A,8301,2023-02-14,8100,2023-02-18,18,0,,,0,0,,,0,0,,,0,0,8100,2023-02-18,C,2023-03-03,,,C
2023-02-21,2,9,S53159,B320290502,D23W2W0915,80,T,7730,SSM,SSM024,316LDS1,316LDS1,S316/316LD,316/316L,W,WR,DZ,PK,SL,21,21,,S0808,TPLEX.CO.Ltd.,D2023020130,001,D23W02W1589,N,2023-02-21,3,9W91,산세,1,250,8100,소형압연,2,S31,스크래치,제품불량,표면,4,JR,폐기,2023-02-21,C,2023-02-05,2023-02-05,2023-02-06,,\5,\3,\2,\2,A,A,8301,2023-02-18,8100,2023-02-19,21,0,,,0,0,,,0,0,,,0,0,8100,2023-02-19,C,2023-03-03,,,C
2023-02-19,2,9,S53160,B320289102,D23W2W0893,90,T,7730,SSM,SSM024,316LDS1,316LDS1,S316/316LD,316/316L,W,WR,DZ,PF,SL,19,19,,S0556,"SeAH SPECIAL STEEL CO,. LTD.",D2023020069,032,D23W02W0814,N,2023-02-19,3,9W91,산세,1,550,8100,소형압연,2,S20,SEAM+터짐,제품불량,표면,4,JR,폐기,2023-02-19,D,2023-02-05,2023-02-05,2023-02-06,,\5,\4,\1,\2,A,A,B301,2023-02-18,8100,2023-02-18,19,0,,,0,0,,,0,0,,,0,0,8100,2023-02-18,D,2023-03-03,,,C
2023-02-19,2,9,S53160,B320289101,D23W2W0893,90,T,7730,SSM,SSM024,316LDS1,316LDS1,S316/316LD,316/316L,W,WR,DZ,PF,SL,19,19,,S0556,"SeAH SPECIAL STEEL CO,. LTD.",D2023020069,032,D23W02W0814,N,2023-02-19,3,9W91,산세,1,380,8100,소형압연,2,S20,SEAM+터짐,제품불량,표면,4,JR,폐기,2023-02-19,D,2023-02-05,2023-02-05,2023-02-06,,\5,\4,\3,\4,A,A,B301,2023-02-18,8100,2023-02-18,19,0,,,0,0,,,0,0,,,0,0,8100,2023-02-18,D,2023-03-03,,,C
2023-02-19,2,9,S53160,B320289100,D23W2W0893,90,T,7730,SSM,SSM024,316LDS1,316LDS1,S316/316LD,316/316L,W,WR,DZ,PF,SL,19,19,,S0556,"SeAH SPECIAL STEEL CO,. LTD.",D2023020069,032,D23W02W0814,N,2023-02-19,3,9W91,산세,1,350,8100,소형압연,2,S20,SEAM+터짐,제품불량,표면,4,JR,폐기,2023-02-19,D,2023-02-05,2023-02-05,2023-02-06,,\5,\4,\3,\3,A,A,B301,2023-02-18,8100,2023-02-18,19,0,,,0,0,,,0,0,,,0,0,8100,2023-02-18,D,2023-03-03,,,C
2023-02-19,2,9,S53160,B320289504,D23W2W0898,80,T,7730,SSM,SSM024,316LDS1,316LDS1,S316/316LD,316/316L,W,WR,DZ,PK,SL,19,19,,S0808,TPLEX.CO.Ltd.,D2023020199,013,D23W02W1910,N,2023-02-19,3,9W91,산세,1,200,8100,소형압연,2,S20,SEAM+터짐,제품불량,표면,4,JR,폐기,2023-02-19,D,2023-02-05,2023-02-05,2023-02-06,,\5,\4,\6,\8,A,A,B301,2023-02-18,8100,2023-02-18,19,0,,,0,0,,,0,0,,,0,0,8100,2023-02-18,D,2023-03-03,,,C
2023-02-20,2,9,S53215,B320264700,D23W2W0717,90,T,7730,SSA,SSA162,STS304SX,STS304SX,S304,CSS304FS,W,WR,DM,PF,SL,21,21,,S1065,SEAH METAL CO. LTD,D2023020061,008,D23W02W0678,N,2023-02-20,3,9W91,산세,1,200,8100,소형압연,2,D23,외경(변)미달,제품불량,치수,4,JR,폐기,2023-02-20,D,2023-02-09,2023-02-09,2023-02-10,,\5,\4,\1,\3,A,A,8301,2023-02-16,8100,2023-02-19,21,0,,,0,0,,,0,0,,,0,0,8100,2023-02-19,D,2023-03-03,,,C
2023-02-20,2,9,S53215,B320264900,D23W2W0719,80,T,7730,SSA,SSA162,STS304SX,STS304SX,S304,CSS304F,W,WR,DM,PK,SL,21,21,,20229,"DONG IL STEEL CO.,LTD.",D2023020103,006,D23W02W1288,N,2023-02-20,3,9W91,산세,1,155,8100,소형압연,2,D23,외경(변)미달,제품불량,치수,4,JR,폐기,2023-02-20,C,2023-02-09,2023-02-09,2023-02-10,,\5,\4,,,A,A,8301,2023-02-16,8100,2023-02-19,21,0,,,0,0,,,0,0,,,0,0,8100,2023-02-19,C,2023-03-03,,,C
2023-02-20,2,9,S53215,B320264802,D23W2W0718,90,T,7730,SSA,SSA162,STS304SX,STS304SX,S304,CSS304F,W,WR,DM,PF,SL,21,21,,S0556,"SeAH SPECIAL STEEL CO,. LTD.",D2023020073,002,D23W02W0761,N,2023-02-20,3,9W91,산세,1,200,8100,소형압연,2,D23,외경(변)미달,제품불량,치수,4,JR,폐기,2023-02-20,C,2023-02-09,2023-02-09,2023-02-10,,\5,\4,\6,\14,A,A,8301,2023-02-16,8100,2023-02-19,21,0,,,0,0,,,0,0,,,0,0,8100,2023-02-19,C,2023-03-03,,,C
2023-02-21,2,9,S53157,B320293301,D23W2W0946,80,T,7730,SSM,SSM024,316LDS1,316LDS1,S316/316LD,316/316L,W,WR,DM,PK,SL,24,24,,S0808,TPLEX.CO.Ltd.,D2023020118,009,D23W02W1620,N,2023-02-21,3,9W91,산세,1,155,8100,소형압연,2,H11,OVER FILLED,제품불량,형상,4,JR,폐기,2023-02-21,A,2023-02-05,2023-02-05,2023-02-06,F,\5,\1,\4,\5,A,A,B301,2023-02-18,8100,2023-02-20,24,0,,,0,0,,,0,0,,,0,0,8100,2023-02-20,A,2023-03-03,,,C
2023-01-31,2,9,S52719,B310315802,D23W1W1108,90,T,7730,SSH,SSH030,STS303S1,STS303S1,S303,303FM,W,WR,DM,PK,SL,17,17,,S0808,TPLEX.CO.Ltd.,D2023010204,008,D23W01W1974,N,2023-01-31,3,9W91,산세,1,750,2T00,2제강,2,S22,터짐,제품불량,표면,4,JR,폐기,2023-01-31,,2023-01-02,2023-01-02,2023-01-03,,\2,\1,\1,\5,A,A,8301,2023-01-20,8100,2023-01-21,17,0,,,0,0,,,0,0,,,0,0,8100,2023-01-21,C,2023-02-02,,,C
2023-02-28,2,9,S52728,B310583000,D23W2W0853,80,T,7730,SSA,SSA162,STS304SX,STS304SX,S304,304,W,WR,DM,PK,SL,29,29,,S0808,TPLEX.CO.Ltd.,D2023020199,010,D23W02W1852,N,2023-02-28,3,9W91,산세,1,200,2T00,2제강,2,S22,터짐,제품불량,표면,4,JR,폐기,2023-02-28,,2023-01-03,2023-01-03,2023-01-05,,\4,\3,\5,\5,A,A,8301,2023-02-08,8100,2023-02-28,29,0,,,0,0,,,0,0,,,0,0,8100,2023-02-28,A,2023-03-03,,,C
2023-02-28,2,9,S52728,B310583000,D23W2W0853,80,T,7730,SSA,SSA162,STS304SX,STS304SX,S304,304,W,WR,DM,PK,SL,29,29,,S0808,TPLEX.CO.Ltd.,D2023020199,010,D23W02W1852,N,2023-02-28,3,9W91,산세,1,200,8T00,소형압연,2,S22,터짐,제품불량,표면,4,JR,폐기,2023-02-28,,2023-01-03,2023-01-03,2023-01-05,,\4,\3,\5,\5,A,A,8301,2023-02-08,8100,2023-02-28,29,0,,,0,0,,,0,0,,,0,0,8100,2023-02-28,A,2023-03-03,,,C
2023-05-10,2,9,S52101,B2B0696101,E23W4W0230,104,T,7730,SSM,SSM212,STS316FS3,STS316FS3,,SUS316-S,W,WR,DM,PK,SL,20,20,,S6065,PROFIT GROUP INDUSTRIAL LIMITED,E2023040073,004,E23W04W0307,N,2023-05-10,3,9W91,산세,1,692,2T00,2제강,2,S22,터짐,제품불량,표면,4,JR,폐기,2023-05-10,,2022-11-02,2022-11-02,2022-11-03,,\2,\2,\2,\6,A,A,B301,2023-04-20,8100,2023-04-21,20,0,,,0,0,,,0,0,,,0,0,8100,2023-04-21,A,2023-06-02,,,C
2023-05-10,2,9,S52101,B2B0696101,E23W4W0230,104,T,7730,SSM,SSM212,STS316FS3,STS316FS3,,SUS316-S,W,WR,DM,PK,SL,20,20,,S6065,PROFIT GROUP INDUSTRIAL LIMITED,E2023040073,004,E23W04W0307,N,2023-05-10,3,9W91,산세,1,692,8T00,소형압연,2,S22,터짐,제품불량,표면,4,JR,폐기,2023-05-10,,2022-11-02,2022-11-02,2022-11-03,,\2,\2,\2,\6,A,A,B301,2023-04-20,8100,2023-04-21,20,0,,,0,0,,,0,0,,,0,0,8100,2023-04-21,A,2023-06-02,,,C
2023-02-24,2,9,S50647,B260723202,E23W2W0233,80,T,6865,SSA,SSA090,304LDS3,304LDS3,S304/304LD,AISI304L,W,WR,DM,PF,SL,18,18,,S0763,"YAMASHIN SPECIAL STEEL(JIANGSU) CO.,LTD.",E2023020112,001,E23W02W0252,N,2023-02-24,3,9W91,산세,1,400,8100,소형압연,2,D23,외경(변)미달,제품불량,치수,4,JR,폐기,2023-02-24,C,2022-06-03,2022-06-03,2022-06-04,,\5,\1,\5,\13,,,,,8100,2023-02-18,18,0,,,0,0,,,0,0,,,0,0,8100,2023-02-18,C,2023-03-03,,,C
2023-02-24,2,9,S53086,B310625101,D23W2W1182,100,T,7730,SSH,SSH030,STS303S1,STS303S1,S303,SUS303,W,WR,DM,PF,SL,18,18,,S1065,SEAH METAL CO. LTD,D2023020061,005,D23W02W0824,N,2023-02-24,3,9W91,산세,1,160,8100,소형압연,2,D23,외경(변)미달,제품불량,치수,4,JR,폐기,2023-02-24,C,2023-01-31,2023-01-31,2023-02-01,,\4,\4,\1,\6,A,A,8301,2023-02-17,8100,2023-02-18,18,0,,,0,0,,,0,0,,,0,0,8100,2023-02-18,C,2023-03-03,,,C
2023-02-20,2,9,S53215,B320265100,D23W2W0721,80,T,7730,SSA,SSA162,STS304SX,STS304SX,S304,304,W,WR,DM,PK,SL,21,21,,S0808,TPLEX.CO.Ltd.,D2023020198,048,D23W02W1877,N,2023-02-20,3,9W91,산세,1,180,8100,소형압연,2,S22,터짐,제품불량,표면,4,JR,폐기,2023-02-20,C,2023-02-09,2023-02-09,2023-02-10,,\5,\4,\5,\14,A,A,8301,2023-02-16,8100,2023-02-19,21,0,,,0,0,,,0,0,,,0,0,8100,2023-02-19,C,2023-03-03,,,C
2023-02-28,2,9,S53159,B320290301,D23W2W0913,92,T,7730,SSM,SSM024,316LDS1,316LDS1,S316/316LD,316/316L,W,WR,DZ,PF,SL,21,21,,S0556,"SeAH SPECIAL STEEL CO,. LTD.",D2023020073,013,D23W02W0666,N,2023-02-28,3,9W91,산세,1,100,2T00,2제강,2,S22,터짐,제품불량,표면,4,JR,폐기,2023-02-28,,2023-02-05,2023-02-05,2023-02-06,,\5,\3,\2,\13,A,A,8301,2023-02-18,8100,2023-02-19,21,0,,,0,0,,,0,0,,,0,0,8100,2023-02-19,C,2023-03-03,,,C
2023-02-28,2,9,S53159,B320290301,D23W2W0913,92,T,7730,SSM,SSM024,316LDS1,316LDS1,S316/316LD,316/316L,W,WR,DZ,PF,SL,21,21,,S0556,"SeAH SPECIAL STEEL CO,. LTD.",D2023020073,013,D23W02W0666,N,2023-02-28,3,9W91,산세,1,100,8T00,소형압연,2,S22,터짐,제품불량,표면,4,JR,폐기,2023-02-28,,2023-02-05,2023-02-05,2023-02-06,,\5,\3,\2,\13,A,A,8301,2023-02-18,8100,2023-02-19,21,0,,,0,0,,,0,0,,,0,0,8100,2023-02-19,C,2023-03-03,,,C
2023-02-22,2,9,S53179,B320359505,D23W2W1196,80,T,7730,SSJ,SSJ016,STS304HCS5,STS304HCS5,S304HC,304HC,W,WR,DH,PK,SL,24,24,,S1336,"SHIN JIN FASTENER CO.,LTD",D2023020071,013,D23W02W0699,N,2023-02-22,3,9W91,산세,1,200,8100,소형압연,2,D24,외경(변)초과,제품불량,치수,4,JR,폐기,2023-02-22,A,2023-02-06,2023-02-07,2023-02-07,,\2,\1,\2,\8,A,A,8301,2023-02-18,8100,2023-02-20,24,0,,,0,0,,,0,0,,,0,0,8100,2023-02-20,A,2023-03-03,,,C
2023-02-23,2,9,S51745,B2A0685804,D23W2W0876,82,T,7730,SSM,SSM202,316LDSZ,316LDSZ,,PSS316/316L,W,WR,DM,PK,SL,17,17,,20229,"DONG IL STEEL CO.,LTD.",D2023020095,001,D23W02W1351,N,2023-02-23,3,9W91,산세,1,"1,379",8100,소형압연,2,S20,SEAM+터짐,제품불량,표면,4,JR,폐기,2023-02-23,A,2022-10-01,2022-10-01,2022-10-03,,\5,\4,\3,\1,A,A,B301,2023-02-15,8100,2023-02-18,17,0,,,0,0,,,0,0,,,0,0,8100,2023-02-18,A,2023-03-03,,,C
2023-02-20,2,9,S52430,B2C0712900,E23W1W0261,94,T,7590,SSL,SSL010,304N1TOMOE,STS304N1S2,,SUS304N1,W,WR,OS,PF,SL,19.5,19.5,,S1772,"TOMOE WORKS CO.,LTD.",E2023010038,001,E23W01W0167,N,2023-02-20,3,9W91,산세,1,918,8100,소형압연,2,L81,주문단중미달(선재),제품불량,기타,4,JR,폐기,2023-02-20,B,2022-12-01,2022-12-02,2022-12-03,,\2,\1,\2,\9,A,A,8301,2023-01-16,8100,2023-01-24,19.5,0,,,0,0,,,0,0,,,0,0,8100,2023-01-24,B,2023-03-03,,,C
2023-02-21,2,9,S53090,B320361106,D23W2W1207,90,T,7730,SSA,SSA118,STS304S5,STS304S5,S304,SUS304F,W,WR,DM,PF,SL,24,24,,S0556,"SeAH SPECIAL STEEL CO,. LTD.",D2023020073,019,D23W02W0739,N,2023-02-21,3,9W91,산세,1,200,8100,소형압연,2,D24,외경(변)초과,제품불량,치수,4,JR,폐기,2023-02-21,A,2023-01-31,2023-02-01,2023-02-01,,\3,\3,\5,\5,A,A,8301,2023-02-19,8100,2023-02-20,24,0,,,0,0,,,0,0,,,0,0,8100,2023-02-20,A,2023-03-03,,,C
2023-02-24,2,9,S53086,B310625100,D23W2W1182,100,T,7730,SSH,SSH030,STS303S1,STS303S1,S303,SUS303,W,WR,DM,PF,SL,18,18,,S1065,SEAH METAL CO. LTD,D2023020061,005,D23W02W0824,N,2023-02-24,3,9W91,산세,1,200,8100,소형압연,2,D23,외경(변)미달,제품불량,치수,4,JR,폐기,2023-02-24,C,2023-01-31,2023-01-31,2023-02-01,,\4,\4,\1,\9,A,A,8301,2023-02-17,8100,2023-02-18,18,0,,,0,0,,,0,0,,,0,0,8100,2023-02-18,C,2023-03-03,,,C
2023-02-27,2,9,S53081,B310624502,D23W2W1179,120,T,7730,SSH,SSH034,STS303FS8,STS303FS8,,CSS303FS,W,WR,DM,PF,SL,22,22,,S1065,SEAH METAL CO. LTD,D2023020061,004,D23W02W0662,N,2023-02-27,3,9W91,산세,1,"1,495",8100,소형압연,2,S20,SEAM+터짐,제품불량,표면,4,JR,폐기,2023-02-27,B,2023-01-31,2023-01-31,2023-02-01,,\2,\2,\4,\6,A,A,8301,2023-02-18,8100,2023-02-20,22,0,,,0,0,,,0,0,,,0,0,8100,2023-02-20,B,2023-03-03,,,C
2023-02-21,2,9,S53159,B320290602,D23W2W0916,80,T,7730,SSM,SSM024,316LDS1,316LDS1,S316/316LD,316/316L,W,WR,DZ,PK,SL,21,21,,S0808,TPLEX.CO.Ltd.,D2023020124,004,D23W02W1590,N,2023-02-21,3,9W91,산세,1,250,8100,소형압연,2,S20,SEAM+터짐,제품불량,표면,4,JR,폐기,2023-02-21,C,2023-02-05,2023-02-05,2023-02-06,,\5,\3,\4,\4,A,A,8301,2023-02-18,8100,2023-02-19,21,0,,,0,0,,,0,0,,,0,0,8100,2023-02-19,C,2023-03-03,,,C
2023-02-21,2,9,S53157,B320293200,D23W2W0945,80,T,7730,SSM,SSM024,316LDS1,316LDS1,S316/316LD,316/316L,W,WR,DM,PK,SL,24,24,,S0808,TPLEX.CO.Ltd.,D2023020111,012,D23W02W1609,N,2023-02-21,3,9W91,산세,1,200,8100,소형압연,2,H11,OVER FILLED,제품불량,형상,4,JR,폐기,2023-02-21,A,2023-02-05,2023-02-05,2023-02-06,F,\5,\1,,,D,D,B301,2023-02-19,8100,2023-02-20,24,0,,,0,0,,,0,0,,,0,0,8100,2023-02-20,A,2023-03-03,,,C
2023-01-26,2,9,S52725,B310258404,D22WCW1774,80,T,7730,SSA,SSA118,STS304S5,STS304S5,S304,SUS304F,W,WR,DM,PF,SL,18,18,,S0556,"SeAH SPECIAL STEEL CO,. LTD.",D2022120177,040,D22W12W1909,N,2023-01-26,3,9W91,산세,1,125,2T00,2제강,2,S22,터짐,제품불량,표면,4,JR,폐기,2023-01-26,,2023-01-02,2023-01-03,2023-01-03,,\5,\5,\1,\6,,,,,8100,2023-01-23,18,0,,,0,0,,,0,0,,,0,0,8100,2023-01-23,B,2023-02-02,,,C
2023-01-26,2,9,S52725,B310258404,D22WCW1774,80,T,7730,SSA,SSA118,STS304S5,STS304S5,S304,SUS304F,W,WR,DM,PF,SL,18,18,,S0556,"SeAH SPECIAL STEEL CO,. LTD.",D2022120177,040,D22W12W1909,N,2023-01-26,3,9W91,산세,1,125,8T00,소형압연,2,S22,터짐,제품불량,표면,4,JR,폐기,2023-01-26,,2023-01-02,2023-01-03,2023-01-03,,\5,\5,\1,\6,,,,,8100,2023-01-23,18,0,,,0,0,,,0,0,,,0,0,8100,2023-01-23,B,2023-02-02,,,C
2023-05-25,2,9,S53873,B340616701,D23W5W1052,90,T,7730,SSM,SSM181,316LDSB,316LDSB,S316/316LD,316/316L,W,WR,DZ,PF,SL,20,20,,S0556,"SeAH SPECIAL STEEL CO,. LTD.",D2023050216,009,D23W05W1253,N,2023-05-25,3,9W91,산세,1,160,8100,소형압연,2,D12,진원도(편경차)불량,제품불량,치수,4,JR,폐기,2023-05-25,B,2023-04-01,2023-04-01,2023-04-03,,\4,\2,\5,\1,A,A,8301,2023-05-19,8100,2023-05-24,20,0,,,0,0,,,0,0,,,0,0,8100,2023-05-24,B,2023-06-02,,,C
2023-07-06,2,9,S54494,B350634301,D23W6W1556,92,T,7730,SSA,SSA162,STS304SX,STS304SX,S304,CSS304FS,W,WR,DM,PF,SL,20,20,,S1065,SEAH METAL CO. LTD,D2023070020,001,D23W06W2458,N,2023-07-06,3,9W91,산세,1,"1,374",8100,소형압연,2,S34,압연 ROLL MARK,제품불량,표면,4,JR,폐기,2023-07-06,D,2023-05-30,2023-05-30,2023-05-31,,\6,\4,\6,\8,A,A,8301,2023-06-22,8100,2023-06-23,20,0,,,0,0,,,0,0,,,0,0,8100,2023-06-23,D,2023-08-07,,,C
2023-02-01,2,9,S46405,B160086509,E23W1W0136,100,T,6830,SSM,SSM212,STS316FS3,STS316FS3,,SUS316-S,W,WR,DM,PK,SL,20,20,,S6065,PROFIT GROUP INDUSTRIAL LIMITED,E2023010070,004,E23W01W0134,N,2023-02-01,3,9W91,산세,1,350,8100,소형압연,2,D23,외경(변)미달,제품불량,치수,4,JR,폐기,2023-02-01,B,2021-06-05,2021-06-06,2021-06-06,,\1,\1,,,A,A,8301,2023-01-21,8100,2023-01-24,20,0,,,0,0,,,0,0,,,0,0,8100,2023-01-24,B,2023-03-03,,,C
2023-02-22,2,9,S53179,B320359503,D23W2W1196,80,T,7730,SSJ,SSJ016,STS304HCS5,STS304HCS5,S304HC,304HC,W,WR,DH,PK,SL,24,24,,S1336,"SHIN JIN FASTENER CO.,LTD",D2023020071,013,D23W02W0699,N,2023-02-22,3,9W91,산세,1,300,8100,소형압연,2,D24,외경(변)초과,제품불량,치수,4,JR,폐기,2023-02-22,A,2023-02-06,2023-02-07,2023-02-07,,\2,\1,,,A,A,8301,2023-02-18,8100,2023-02-20,24,0,,,0,0,,,0,0,,,0,0,8100,2023-02-20,A,2023-03-03,,,C
2023-01-31,2,9,S52719,B310315802,D23W1W1108,90,T,7730,SSH,SSH030,STS303S1,STS303S1,S303,303FM,W,WR,DM,PK,SL,17,17,,S0808,TPLEX.CO.Ltd.,D2023010204,008,D23W01W1974,N,2023-01-31,3,9W91,산세,1,749,8T00,소형압연,2,S22,터짐,제품불량,표면,4,JR,폐기,2023-01-31,,2023-01-02,2023-01-02,2023-01-03,,\2,\1,\1,\5,A,A,8301,2023-01-20,8100,2023-01-21,17,0,,,0,0,,,0,0,,,0,0,8100,2023-01-21,C,2023-02-02,,,C
2023-02-27,2,9,S53214,B320267005,D23W2W0739,80,T,7730,SSA,SSA162,STS304SX,STS304SX,S304,304,W,WR,DM,PK,SL,26,26,,S0808,TPLEX.CO.Ltd.,D2023020198,018,D23W02W1846,N,2023-02-27,3,9W91,산세,1,75,2T00,2제강,2,S22,터짐,제품불량,표면,4,JR,폐기,2023-02-27,,2023-02-09,2023-02-09,2023-02-10,,\5,\3,\1,\9,A,A,B301,2023-02-16,8100,2023-02-27,26,0,,,0,0,,,0,0,,,0,0,8100,2023-02-27,C,2023-03-03,,,C
2023-02-27,2,9,S53214,B320267005,D23W2W0739,80,T,7730,SSA,SSA162,STS304SX,STS304SX,S304,304,W,WR,DM,PK,SL,26,26,,S0808,TPLEX.CO.Ltd.,D2023020198,018,D23W02W1846,N,2023-02-27,3,9W91,산세,1,75,8T00,소형압연,2,S22,터짐,제품불량,표면,4,JR,폐기,2023-02-27,,2023-02-09,2023-02-09,2023-02-10,,\5,\3,\1,\9,A,A,B301,2023-02-16,8100,2023-02-27,26,0,,,0,0,,,0,0,,,0,0,8100,2023-02-27,C,2023-03-03,,,C
2023-02-02,2,9,S52778,B310270503,D23W1W0949,80,T,7730,SSM,SSM024,316LDS1,316LDS1,S316/316LD,316/316L,W,WR,DZ,PK,SL,29,29,,S0808,TPLEX.CO.Ltd.,D2023010195,006,D23W01W1904,N,2023-02-02,3,9W91,산세,1,180,8100,소형압연,2,S20,SEAM+터짐,제품불량,표면,4,JR,폐기,2023-02-02,A,2023-01-06,2023-01-06,2023-01-07,,\6,\3,\2,\11,A,A,B301,2023-01-26,8100,2023-02-01,29,0,,,0,0,,,0,0,,,0,0,8100,2023-02-01,A,2023-03-03,,,C
2023-02-21,2,9,S53089,B320361300,D23W2W1208,90,T,7730,SSA,SSA118,STS304S5,STS304S5,S304,SUS304F,W,WR,DM,PF,SL,24,24,,S0556,"SeAH SPECIAL STEEL CO,. LTD.",D2023020073,019,D23W02W0739,N,2023-02-21,3,9W91,산세,1,200,8100,소형압연,2,D23,외경(변)미달,제품불량,치수,4,JR,폐기,2023-02-21,A,2023-01-31,2023-02-01,2023-02-01,,\3,\2,\1,\10,A,A,8301,2023-02-19,8100,2023-02-20,24,0,,,0,0,,,0,0,,,0,0,8100,2023-02-20,A,2023-03-03,,,C
2023-02-21,2,9,S53215,B320266100,D23W2W0731,90,T,7730,SSA,SSA162,STS304SX,STS304SX,S304,CSS304FS,W,WR,DM,PF,SL,24,24,,S1065,SEAH METAL CO. LTD,D2023020265,013,D23W02W2125,N,2023-02-21,3,9W91,산세,1,200,8100,소형압연,2,D23,외경(변)미달,제품불량,치수,4,JR,폐기,2023-02-21,A,2023-02-09,2023-02-09,2023-02-10,,\5,\4,\2,\11,A,A,8301,2023-02-16,8100,2023-02-20,24,0,,,0,0,,,0,0,,,0,0,8100,2023-02-20,A,2023-03-03,,,C
2023-02-21,2,9,S53090,B320361109,D23W2W1207,90,T,7730,SSA,SSA118,STS304S5,STS304S5,S304,SUS304F,W,WR,DM,PF,SL,24,24,,S0556,"SeAH SPECIAL STEEL CO,. LTD.",D2023020073,019,D23W02W0739,N,2023-02-21,3,9W91,산세,1,200,8100,소형압연,2,D24,외경(변)초과,제품불량,치수,4,JR,폐기,2023-02-21,A,2023-01-31,2023-02-01,2023-02-01,,\3,\3,\5,\3,A,A,8301,2023-02-19,8100,2023-02-20,24,0,,,0,0,,,0,0,,,0,0,8100,2023-02-20,A,2023-03-03,,,C
2023-02-21,2,9,S53159,B320290603,D23W2W0916,80,T,7730,SSM,SSM024,316LDS1,316LDS1,S316/316LD,316/316L,W,WR,DZ,PK,SL,21,21,,S0808,TPLEX.CO.Ltd.,D2023020124,004,D23W02W1590,N,2023-02-21,3,9W91,산세,1,250,8100,소형압연,2,S31,스크래치,제품불량,표면,4,JR,폐기,2023-02-21,C,2023-02-05,2023-02-05,2023-02-06,,\5,\3,\6,\1,A,A,8301,2023-02-18,8100,2023-02-19,21,0,,,0,0,,,0,0,,,0,0,8100,2023-02-19,C,2023-03-03,,,C
2023-07-21,2,9,S54492,B350669000,D23W7W0203,90,T,7730,SSA,SSA162,STS304SX,STS304SX,S304,CSS304F,W,WR,DM,PF,SL,25,25,,S0556,"SeAH SPECIAL STEEL CO,. LTD.",D2023070137,009,D23W07W0864,N,2023-07-21,3,9W91,산세,1,160,2Z00,2제강,2,S11,종크랙,제품불량,표면,4,JR,폐기,2023-07-21,,2023-05-30,2023-05-30,2023-05-31,,\6,\2,\3,\13,A,A,8301,2023-07-03,8100,2023-07-21,25,0,,,0,0,,,0,0,,,0,0,8100,2023-07-21,D,2023-08-07,,,C
2023-05-30,2,9,N29518,B340441300,D23W5W0205,120,B,P260,SSM,SSM210,STS316LEPSC,STS316LEPSC,,SUS316LUHP-C,W,WR,DZ,PK,SL,15,15,,S0808,TPLEX.CO.Ltd.,D2023050210,037,D23W05W1318,N,2023-05-30,3,9W91,산세,1,250,8100,소형압연,2,H14,권취불량,제품불량,형상,4,JR,폐기,2023-05-30,A,2023-04-19,2023-04-19,2023-04-19,,\8,\5,,,A,A,8301,2023-05-21,S105,2023-04-25,170,170,8100,2023-05-22,15,0,,,0,0,,,0,0,8100,2023-05-22,A,2023-06-02,,,C
2023-02-20,2,9,S53215,B320265101,D23W2W0721,80,T,7730,SSA,SSA162,STS304SX,STS304SX,S304,304,W,WR,DM,PK,SL,21,21,,S0808,TPLEX.CO.Ltd.,D2023020198,048,D23W02W1877,N,2023-02-20,3,9W91,산세,1,180,8100,소형압연,2,D23,외경(변)미달,제품불량,치수,4,JR,폐기,2023-02-20,C,2023-02-09,2023-02-09,2023-02-10,,\5,\4,\3,\2,A,A,8301,2023-02-16,8100,2023-02-19,21,0,,,0,0,,,0,0,,,0,0,8100,2023-02-19,C,2023-03-03,,,C
2023-02-20,2,9,S53215,B320265202,D23W2W0722,80,T,7730,SSA,SSA162,STS304SX,STS304SX,S304,304,W,WR,DM,PK,SL,21,21,,S0808,TPLEX.CO.Ltd.,D2023020199,006,D23W02W1907,N,2023-02-20,3,9W91,산세,1,180,8100,소형압연,2,D23,외경(변)미달,제품불량,치수,4,JR,폐기,2023-02-20,C,2023-02-09,2023-02-09,2023-02-10,,\5,\4,\2,\6,A,A,8301,2023-02-16,8100,2023-02-19,21,0,,,0,0,,,0,0,,,0,0,8100,2023-02-19,C,2023-03-03,,,C
2023-02-20,2,9,S53159,B320291101,D23W2W0923,80,T,7730,SSM,SSM024,316LDS1,316LDS1,S316/316LD,316/316L,W,WR,DZ,PK,SL,21,21,,S0808,TPLEX.CO.Ltd.,D2023020199,014,D23W02W1847,N,2023-02-20,3,9W91,산세,1,350,8100,소형압연,2,S20,SEAM+터짐,제품불량,표면,4,JR,폐기,2023-02-20,C,2023-02-05,2023-02-05,2023-02-06,,\5,\3,\2,\4,A,A,8301,2023-02-18,8100,2023-02-19,21,0,,,0,0,,,0,0,,,0,0,8100,2023-02-19,C,2023-03-03,,,C
2023-05-22,2,9,S54210,B350287803,D23W5W0883,90,T,7730,SSM,SSM181,316LDSB,316LDSB,S316/316LD,316/316L,W,WR,DZ,PF,SL,15,15,,S0556,"SeAH SPECIAL STEEL CO,. LTD.",D2023050211,039,D23W05W1222,N,2023-05-22,3,9W91,산세,1,300,8100,소형압연,2,D12,진원도(편경차)불량,제품불량,치수,4,JR,폐기,2023-05-22,A,2023-05-02,2023-05-02,2023-05-02,,\4,\4,\6,\10,A,A,8301,2023-05-16,8100,2023-05-22,15,0,,,0,0,,,0,0,,,0,0,8100,2023-05-22,A,2023-06-02,,,C
2023-11-08,2,9,S54809,B360585400,D23W8W1379,154,T,7730,SSG,SSG011,STS303CS9,STS303CS9,S303C,SUS303C,W,WR,DM,PK,SL,23,23,,20229,"DONG IL STEEL CO.,LTD.",D2023080072,002,D23W08W0256,N,2023-11-08,3,9W91,산세,1,"1,342",8100,소형압연,2,D12,진원도(편경차)불량,제품불량,치수,4,JR,폐기,2023-11-08,A,2023-06-30,2023-06-30,2023-07-01,,\1,\1,\6,\5,A,A,8301,2023-09-19,8100,2023-09-23,23,0,,,0,0,,,0,0,,,0,0,8100,2023-09-23,A,2023-11-20,,,C
2023-11-02,2,9,S55298,B380528703,D23WAW0811,102,T,7730,SSH,SSH034,STS303FS8,STS303FS8,,SUS303F,W,WR,DM,PK,SL,15,15,,20229,"DONG IL STEEL CO.,LTD.",D2023100108,012,D23W10W1078,N,2023-11-02,3,9W91,산세,1,200,2Z00,2제강,2,S41,줄파임,제품불량,표면,4,JR,폐기,2023-11-02,,2023-08-26,2023-08-27,2023-08-28,F,\4,\1,\5,\7,A,A,8301,2023-10-11,8100,2023-10-14,15,0,,,0,0,,,0,0,,,0,0,8100,2023-10-14,A,2023-11-20,,,C
2023-11-01,2,9,S55301,B380505200,D23W9W1571,120,T,7730,SSH,SSH034,STS303FS8,STS303FS8,,CSS303FS,W,WR,DM,PF,SL,27,27,,S1065,SEAH METAL CO. LTD,D2023090190,009,D23W09W1636,N,2023-11-01,3,9W91,산세,1,100,2T00,2제강,2,S22,터짐,제품불량,표면,4,JR,폐기,2023-11-01,,2023-08-27,2023-08-27,2023-08-28,,\4,\4,\1,\9,A,A,8301,2023-10-29,8100,2023-10-30,27,0,,,0,0,,,0,0,,,0,0,8100,2023-10-30,B,2023-11-20,,,C
2023-11-01,2,9,S55301,B380505200,D23W9W1571,120,T,7730,SSH,SSH034,STS303FS8,STS303FS8,,CSS303FS,W,WR,DM,PF,SL,27,27,,S1065,SEAH METAL CO. LTD,D2023090190,009,D23W09W1636,N,2023-11-01,3,9W91,산세,1,100,8T00,소형압연,2,S22,터짐,제품불량,표면,4,JR,폐기,2023-11-01,,2023-08-27,2023-08-27,2023-08-28,,\4,\4,\1,\9,A,A,8301,2023-10-29,8100,2023-10-30,27,0,,,0,0,,,0,0,,,0,0,8100,2023-10-30,B,2023-11-20,,,C
2023-11-10,2,9,S55594,B390519306,D23WAW1064,82,T,7730,SSA,SSA151,STS304MS2,STS304MS2,S304M,SUS304M,W,WR,DH,PK,SL,19,19,,21583,ORIENSMETAL,D2023100064,002,D23W10W0225,N,2023-11-10,3,9W91,산세,1,"1,460",2Z00,2제강,2,S11,종크랙,제품불량,표면,4,JR,폐기,2023-11-10,,2023-09-23,2023-09-23,2023-09-23,F,\1,\1,\6,\3,A,A,8301,2023-10-14,8100,2023-10-15,19,0,,,0,0,,,0,0,,,0,0,8100,2023-10-15,A,2023-11-20,,,C
2023-11-10,2,9,S55594,B390519302,D23WAW1064,82,T,7730,SSA,SSA151,STS304MS2,STS304MS2,S304M,SUS304M,W,WR,DH,PK,SL,19,19,,21583,ORIENSMETAL,D2023100064,002,D23W10W0225,N,2023-11-10,3,9W91,산세,1,"1,429",2Z00,2제강,2,S11,종크랙,제품불량,표면,4,JR,폐기,2023-11-10,,2023-09-23,2023-09-23,2023-09-23,F,\1,\1,\6,\8,A,A,8301,2023-10-14,8100,2023-10-15,19,0,,,0,0,,,0,0,,,0,0,8100,2023-10-15,A,2023-11-20,,,C
2023-11-10,2,9,S55594,B390519303,D23WAW1064,82,T,7730,SSA,SSA151,STS304MS2,STS304MS2,S304M,SUS304M,W,WR,DH,PK,SL,19,19,,21583,ORIENSMETAL,D2023100064,002,D23W10W0225,N,2023-11-10,3,9W91,산세,1,"1,444",2Z00,2제강,2,S11,종크랙,제품불량,표면,4,JR,폐기,2023-11-10,,2023-09-23,2023-09-23,2023-09-23,F,\1,\1,\5,\2,A,A,8301,2023-10-14,8100,2023-10-15,19,0,,,0,0,,,0,0,,,0,0,8100,2023-10-15,A,2023-11-20,,,C
2023-11-10,2,9,S55594,B390519304,D23WAW1064,82,T,7730,SSA,SSA151,STS304MS2,STS304MS2,S304M,SUS304M,W,WR,DH,PK,SL,19,19,,21583,ORIENSMETAL,D2023100064,002,D23W10W0225,N,2023-11-10,3,9W91,산세,1,"1,454",2Z00,2제강,2,S11,종크랙,제품불량,표면,4,JR,폐기,2023-11-10,,2023-09-23,2023-09-23,2023-09-23,F,\1,\1,\5,\3,A,A,8301,2023-10-14,8100,2023-10-15,19,0,,,0,0,,,0,0,,,0,0,8100,2023-10-15,A,2023-11-20,,,C
2023-11-18,2,9,S55360,B380538606,D23WAW1177,90,T,7730,SSM,SSM181,316LDSB,316LDSB,S316/316LD,316/316L,W,WR,DM,PF,SL,34,34,,S1065,SEAH METAL CO. LTD,D2023100111,002,D23W10W1064,N,2023-11-18,3,9W91,산세,1,125,2T00,2제강,2,S22,터짐,제품불량,표면,4,JR,폐기,2023-11-18,,2023-08-31,2023-08-31,2023-09-01,,\2,\1,\4,\5,A,A,8301,2023-10-28,8100,2023-11-01,34,0,,,0,0,,,0,0,,,0,0,8100,2023-11-01,C,2023-11-20,,,C
2023-11-18,2,9,S55360,B380538606,D23WAW1177,90,T,7730,SSM,SSM181,316LDSB,316LDSB,S316/316LD,316/316L,W,WR,DM,PF,SL,34,34,,S1065,SEAH METAL CO. LTD,D2023100111,002,D23W10W1064,N,2023-11-18,3,9W91,산세,1,125,8T00,소형압연,2,S22,터짐,제품불량,표면,4,JR,폐기,2023-11-18,,2023-08-31,2023-08-31,2023-09-01,,\2,\1,\4,\5,A,A,8301,2023-10-28,8100,2023-11-01,34,0,,,0,0,,,0,0,,,0,0,8100,2023-11-01,C,2023-11-20,,,C
2023-08-28,2,9,S55072,B380004532,D23W8W1113,90,T,7730,SSJ,SSJ016,STS304HCS5,STS304HCS5,S304HC,304HC,W,WR,DH,PK,SL,24,24,,S1336,"SHIN JIN FASTENER CO.,LTD",D2023080210,011,D23W08W1500,N,2023-08-28,3,9W91,산세,1,250,2Z00,2제강,2,S11,종크랙,제품불량,표면,4,JR,폐기,2023-08-28,,2023-07-23,2023-07-24,2023-07-24,,\2,\2,\2,\10,D,D,8301,2023-08-08,8100,2023-08-27,24,0,,,0,0,,,0,0,,,0,0,8100,2023-08-27,B,2023-09-04,,,C
2023-08-29,2,9,S54798,B360548202,D23W8W0983,92,T,7730,SSP,SSP002,STS316LFS2,STS316LFS2,S316LF,SUS316LF,W,WR,DM,PF,SL,20,20,,S1065,SEAH METAL CO. LTD,D2023080184,007,D23W08W0833,N,2023-08-29,3,9W91,산세,1,400,2Z00,2제강,2,S11,종크랙,제품불량,표면,4,JR,폐기,2023-08-29,,2023-06-30,2023-06-30,2023-06-30,,\2,\2,\3,\10,A,A,8301,2023-08-23,8100,2023-08-25,20,0,,,0,0,,,0,0,,,0,0,8100,2023-08-25,A,2023-09-04,,,C
2023-08-28,2,9,S55031,B370471702,D23W8W1208,80,T,7730,SSA,SSA162,STS304SX,STS304SX,S304,SUS304,W,WR,DM,PK,SL,26,26,,20229,"DONG IL STEEL CO.,LTD.",D2023080065,016,D23W08W0200,N,2023-08-28,3,9W91,산세,1,300,2Z00,2제강,2,S11,종크랙,제품불량,표면,4,JR,폐기,2023-08-28,,2023-07-21,2023-07-21,2023-07-24,F,\1,\1,\4,\1,D,D,8301,2023-08-25,8100,2023-08-28,26,0,,,0,0,,,0,0,,,0,0,8100,2023-08-28,C,2023-09-04,,,C
2023-08-31,2,9,S54764,B360547800,D23W7W1256,82,T,7730,SSA,SSA118,STS304S5,STS304S5,S304,SUS304F,W,WR,DM,PF,SL,18,18,,S0556,"SeAH SPECIAL STEEL CO,. LTD.",D2023070137,016,D23W07W0836,N,2023-08-31,3,9W91,산세,1,100,2T00,2제강,2,S13,SEAM,제품불량,표면,4,JR,폐기,2023-08-31,,2023-06-27,2023-06-28,2023-06-28,,\7,\1,\2,\6,,,,,8100,2023-08-24,18,0,,,0,0,,,0,0,,,0,0,8100,2023-08-24,A,2023-09-04,,,C
2023-08-31,2,9,S54764,B360547800,D23W7W1256,82,T,7730,SSA,SSA118,STS304S5,STS304S5,S304,SUS304F,W,WR,DM,PF,SL,18,18,,S0556,"SeAH SPECIAL STEEL CO,. LTD.",D2023070137,016,D23W07W0836,N,2023-08-31,3,9W91,산세,1,100,8T00,소형압연,2,S13,SEAM,제품불량,표면,4,JR,폐기,2023-08-31,,2023-06-27,2023-06-28,2023-06-28,,\7,\1,\2,\6,,,,,8100,2023-08-24,18,0,,,0,0,,,0,0,,,0,0,8100,2023-08-24,A,2023-09-04,,,C
2023-08-28,2,9,S54809,B360540200,D23W8W0702,100,T,7730,SSG,SSG011,STS303CS9,STS303CS9,S303C,SUS303C,W,WR,DM,PK,SL,17,17,,20229,"DONG IL STEEL CO.,LTD.",D2023080072,001,D23W08W0241,N,2023-08-28,3,9W91,산세,1,"1,460",2Z00,2제강,2,S41,줄파임,제품불량,표면,4,JR,폐기,2023-08-28,,2023-06-30,2023-06-30,2023-07-01,F,\1,\1,\3,\1,D,D,8301,2023-08-15,8100,2023-08-21,17,0,,,0,0,,,0,0,,,0,0,8100,2023-08-21,C,2023-09-04,,,C
2023-08-30,2,9,S54798,B360548200,D23W8W0983,92,T,7730,SSP,SSP002,STS316LFS2,STS316LFS2,S316LF,SUS316LF,W,WR,DM,PF,SL,20,20,,S1065,SEAH METAL CO. LTD,D2023080184,007,D23W08W0833,N,2023-08-30,3,9W91,산세,1,350,8100,소형압연,2,S20,SEAM+터짐,제품불량,표면,4,JR,폐기,2023-08-30,A,2023-06-30,2023-06-30,2023-06-30,,\2,\2,\2,\7,A,A,8301,2023-08-23,8100,2023-08-25,20,0,,,0,0,,,0,0,,,0,0,8100,2023-08-25,A,2023-09-04,,,C
2023-08-30,2,9,S54746,B360540301,D23W8W0703,112,T,7730,SSH,SSH034,STS303FS8,STS303FS8,,STS303F,W,WR,DM,PK,SL,17,17,,S0808,TPLEX.CO.Ltd.,D2023080148,008,D23W08W0522,N,2023-08-30,3,9W91,산세,1,450,8100,소형압연,2,S20,SEAM+터짐,제품불량,표면,4,JR,폐기,2023-08-30,C,2023-06-26,2023-06-27,2023-06-27,,\3,\3,\3,\2,A,A,8301,2023-08-15,8100,2023-08-21,17,0,,,0,0,,,0,0,,,0,0,8100,2023-08-21,C,2023-09-04,,,C
2023-08-28,2,9,S54746,B360540303,D23W8W0703,110,T,7730,SSH,SSH034,STS303FS8,STS303FS8,,STS303F,W,WR,DM,PK,SL,17,17,,S0808,TPLEX.CO.Ltd.,D2023080148,008,D23W08W0522,N,2023-08-28,3,9W91,산세,1,"1,500",8100,소형압연,2,S20,SEAM+터짐,제품불량,표면,4,JR,폐기,2023-08-28,C,2023-06-26,2023-06-27,2023-06-27,,\3,\3,\5,\2,A,A,8301,2023-08-15,8100,2023-08-21,17,0,,,0,0,,,0,0,,,0,0,8100,2023-08-21,C,2023-09-04,,,C
2023-08-27,2,9,S55072,B380004523,D23W8W1030,90,T,7730,SSJ,SSJ016,STS304HCS5,STS304HCS5,S304HC,SUS304HC,W,WR,DH,PK,SL,22,22,,S1065,SEAH METAL CO. LTD,D2023080128,009,D23W08W0736,N,2023-08-27,3,9W91,산세,1,125,2T00,2제강,2,S22,터짐,제품불량,표면,4,JR,폐기,2023-08-27,,2023-07-23,2023-07-24,2023-07-24,,\2,\2,\2,\4,D,D,8301,2023-08-08,8100,2023-08-26,22,0,,,0,0,,,0,0,,,0,0,8100,2023-08-26,B,2023-09-04,,,C
2023-08-27,2,9,S55072,B380004523,D23W8W1030,90,T,7730,SSJ,SSJ016,STS304HCS5,STS304HCS5,S304HC,SUS304HC,W,WR,DH,PK,SL,22,22,,S1065,SEAH METAL CO. LTD,D2023080128,009,D23W08W0736,N,2023-08-27,3,9W91,산세,1,125,8T00,소형압연,2,S22,터짐,제품불량,표면,4,JR,폐기,2023-08-27,,2023-07-23,2023-07-24,2023-07-24,,\2,\2,\2,\4,D,D,8301,2023-08-08,8100,2023-08-26,22,0,,,0,0,,,0,0,,,0,0,8100,2023-08-26,B,2023-09-04,,,C
2023-08-31,2,9,S53181,B320708500,E23W8W0157,80,T,7730,SSA,SSA089,STS304J3KS2,STS304J3KS2,S304J3-K,SUS304J3-K,W,WR,DH,PK,SL,21,21,,S1568,"KISHIWADA STAINLESS CO., LTD.",E2023080063,010,E23W08W0228,N,2023-08-27,3,9W91,산세,1,"1,544",8100,소형압연,2,S34,압연 ROLL MARK,제품불량,표면,4,JR,폐기,2023-08-31,D,2023-02-06,2023-02-07,2023-02-07,F,\2,\1,\4,\3,A,A,8301,2023-08-11,8100,2023-08-13,21,0,,,0,0,,,0,0,,,0,0,8100,2023-08-13,D,2023-09-04,,,C
2023-08-22,2,9,S54764,B360540603,D23W8W0707,80,T,7730,SSA,SSA118,STS304S5,STS304S5,S304,SUS304F,W,WR,DM,PF,SL,17,17,,S0556,"SeAH SPECIAL STEEL CO,. LTD.",D2023080207,020,D23W08W1557,N,2023-08-22,3,9W91,산세,1,125,2T00,2제강,2,S22,터짐,제품불량,표면,4,JR,폐기,2023-08-22,,2023-06-27,2023-06-28,2023-06-28,F,\7,\1,\1,\1,D,D,8301,2023-08-15,8100,2023-08-21,17,0,,,0,0,,,0,0,,,0,0,8100,2023-08-21,C,2023-09-04,,,C
2023-08-22,2,9,S54764,B360540603,D23W8W0707,80,T,7730,SSA,SSA118,STS304S5,STS304S5,S304,SUS304F,W,WR,DM,PF,SL,17,17,,S0556,"SeAH SPECIAL STEEL CO,. LTD.",D2023080207,020,D23W08W1557,N,2023-08-22,3,9W91,산세,1,125,8T00,소형압연,2,S22,터짐,제품불량,표면,4,JR,폐기,2023-08-22,,2023-06-27,2023-06-28,2023-06-28,F,\7,\1,\1,\1,D,D,8301,2023-08-15,8100,2023-08-21,17,0,,,0,0,,,0,0,,,0,0,8100,2023-08-21,C,2023-09-04,,,C
2023-09-27,2,9,S55304,B380496702,D23W9W1370,80,T,7730,SSA,SSA162,STS304SX,STS304SX,S304,304,W,WR,DM,PK,SL,29,29,,S0808,TPLEX.CO.Ltd.,D2023090043,015,D23W09W0214,N,2023-09-27,3,9W91,산세,1,200,8100,소형압연,2,S20,SEAM+터짐,제품불량,표면,4,JR,폐기,2023-09-27,D,2023-08-27,2023-08-27,2023-08-28,,\6,\2,\2,\10,A,A,8301,2023-09-22,8100,2023-09-26,29,0,,,0,0,,,0,0,,,0,0,8100,2023-09-26,D,2023-10-05,,,C
2023-10-28,2,9,S55340,B380534601,D23WAW1050,80,T,7730,SSJ,SSJ026,STS304HCMS7,STS304HCMS7,,CSS304HC,W,WR,DH,PK,SL,19,19,,S1373,DAE NAM GONG UP SA.,D2023100059,004,D23W10W0246,N,2023-10-28,3,9W91,산세,1,160,8100,소형압연,2,S20,SEAM+터짐,제품불량,표면,4,JR,폐기,2023-10-28,A,2023-08-29,2023-08-29,2023-09-01,,\2,\1,\6,\5,A,A,8301,2023-10-14,8100,2023-10-15,19,0,,,0,0,,,0,0,,,0,0,8100,2023-10-15,A,2023-11-02,,,C
2023-10-28,2,9,S55594,B390512500,D23WAW0855,80,T,7730,SSA,SSA151,STS304MS2,STS304MS2,S304M,SUS304M,W,WR,DH,PK,SL,16,16,,21583,ORIENSMETAL,D2023100064,001,D23W10W0226,N,2023-10-28,3,9W91,산세,1,160,2Z00,2제강,2,S11,종크랙,제품불량,표면,4,JR,폐기,2023-10-28,,2023-09-23,2023-09-23,2023-09-23,F,\1,\1,,,D,D,8301,2023-10-14,8100,2023-10-15,16,0,,,0,0,,,0,0,,,0,0,8100,2023-10-15,C,2023-11-02,,,C
2023-09-23,2,9,S55333,B380501500,D23W9W1506,70,T,7730,SSA,SSA148,STS304LJS2,STS304LJS2,S304LJ,SUS304L,W,WR,DZ,PK,SL,20,20,,S1336,"SHIN JIN FASTENER CO.,LTD",D2023090188,010,D23W09W1565,N,2023-09-23,3,9W91,산세,1,150,2T00,2제강,2,S13,SEAM,제품불량,표면,4,JR,폐기,2023-09-23,,2023-08-29,2023-08-29,2023-08-30,,\1,\1,\6,\7,,,,,8100,2023-09-21,20,0,,,0,0,,,0,0,,,0,0,8100,2023-09-21,B,2023-10-05,,,C
2023-09-23,2,9,S55333,B380501500,D23W9W1506,70,T,7730,SSA,SSA148,STS304LJS2,STS304LJS2,S304LJ,SUS304L,W,WR,DZ,PK,SL,20,20,,S1336,"SHIN JIN FASTENER CO.,LTD",D2023090188,010,D23W09W1565,N,2023-09-23,3,9W91,산세,1,150,8T00,소형압연,2,S13,SEAM,제품불량,표면,4,JR,폐기,2023-09-23,,2023-08-29,2023-08-29,2023-08-30,,\1,\1,\6,\7,,,,,8100,2023-09-21,20,0,,,0,0,,,0,0,,,0,0,8100,2023-09-21,B,2023-10-05,,,C
2023-09-20,2,9,S55335,B380485900,E23W9W0234,80,T,7730,SSA,SSA090,304LDS3,304LDS3,S304/304LD,AISI304L,W,WR,DM,PF,SL,18,18,,S0763,"YAMASHIN SPECIAL STEEL(JIANGSU) CO.,LTD.",E2023090024,010,E23W09W0202,N,2023-09-20,3,9W91,산세,1,175,2T00,2제강,2,S13,SEAM,제품불량,표면,4,JR,폐기,2023-09-20,,2023-08-29,2023-08-29,2023-09-01,,\6,\2,\4,\5,,,,,8100,2023-09-19,18,0,,,0,0,,,0,0,,,0,0,8100,2023-09-19,D,2023-10-05,,,C
2023-10-09,2,9,S54745,B360553700,D23W8W1197,116,T,7730,SSH,SSH034,STS303FS8,STS303FS8,,STS303F,W,WR,DM,PK,SL,26,26,,S0808,TPLEX.CO.Ltd.,D2023080148,011,D23W08W0534,N,2023-10-09,3,9W91,산세,1,"1,261",8100,소형압연,2,S20,SEAM+터짐,제품불량,표면,4,JR,폐기,2023-10-09,C,2023-06-26,2023-06-26,2023-06-27,,\3,\2,\1,\1,A,A,8301,2023-08-25,8100,2023-08-28,26,0,,,0,0,,,0,0,,,0,0,8100,2023-08-28,C,2023-11-02,,,C
2023-10-30,2,9,S55343,B380533001,D23WAW0944,100,T,7730,SSG,SSG011,STS303CS9,STS303CS9,S303C,SUS303C,W,WR,DM,PK,SL,15,15,,20229,"DONG IL STEEL CO.,LTD.",D2023100056,003,D23W10W0232,N,2023-10-30,3,9W91,산세,1,250,8T00,소형압연,2,S22,터짐,제품불량,표면,4,JR,폐기,2023-10-30,,2023-08-29,2023-08-29,2023-08-30,,\2,\2,\2,\3,A,A,8301,2023-10-12,8100,2023-10-14,15,0,,,0,0,,,0,0,,,0,0,8100,2023-10-14,A,2023-11-02,,,C
2023-09-20,2,9,S55335,B380485900,E23W9W0234,80,T,7730,SSA,SSA090,304LDS3,304LDS3,S304/304LD,AISI304L,W,WR,DM,PF,SL,18,18,,S0763,"YAMASHIN SPECIAL STEEL(JIANGSU) CO.,LTD.",E2023090024,010,E23W09W0202,N,2023-09-20,3,9W91,산세,1,175,8T00,소형압연,2,S13,SEAM,제품불량,표면,4,JR,폐기,2023-09-20,,2023-08-29,2023-08-29,2023-09-01,,\6,\2,\4,\5,,,,,8100,2023-09-19,18,0,,,0,0,,,0,0,,,0,0,8100,2023-09-19,D,2023-10-05,,,C
2023-09-27,2,9,S55078,B370503701,D23W9W0373,90,T,7730,SSK,SSK012,STS304CUS4,STS304CUS4,S302CU,SUS304CU,W,WR,DH,PK,SL,26,26,,S1065,SEAH METAL CO. LTD,D2023090189,005,D23W09W1656,N,2023-09-27,3,9W91,산세,1,"1,473",2Z00,2제강,2,S11,종크랙,제품불량,표면,4,JR,폐기,2023-09-27,,2023-07-24,2023-07-24,2023-07-26,,\3,\2,\1,\2,A,A,8301,2023-09-23,8100,2023-09-24,26,0,,,0,0,,,0,0,,,0,0,8100,2023-09-24,A,2023-10-05,,,C
2023-09-04,2,9,S54751,B360547501,D23W8W0965,82,T,7730,SSH,SSH002,STS303SY,STS303SY,S303,303FM,W,WR,DM,PK,SL,18,18,,S0808,TPLEX.CO.Ltd.,D2023080206,004,D23W08W1626,N,2023-09-04,3,9W91,산세,1,180,8100,소형압연,2,S20,SEAM+터짐,제품불량,표면,4,JR,폐기,2023-09-04,A,2023-06-27,2023-06-27,2023-06-27,,\5,\5,\2,\9,A,A,8301,2023-08-20,8100,2023-08-24,18,0,,,0,0,,,0,0,,,0,0,8100,2023-08-24,A,2023-10-05,,,C
2023-09-24,2,9,S55312,B380503000,D23W8W1367,90,T,7730,SSA,SSA118,STS304S5,STS304S5,S304,SUS304F,W,WR,DM,PF,SL,24,24,,S0556,"SeAH SPECIAL STEEL CO,. LTD.",D2023080227,010,D23W08W1577,N,2023-09-24,3,9W91,산세,1,150,2T00,2제강,2,S22,터짐,제품불량,표면,4,JR,폐기,2023-09-24,,2023-08-27,2023-08-27,2023-08-28,F,\6,\4,\5,\14,A,A,8301,2023-09-21,8100,2023-09-23,24,0,,,0,0,,,0,0,,,0,0,8100,2023-09-23,C,2023-10-05,,,C
2023-09-24,2,9,S55312,B380503000,D23W8W1367,90,T,7730,SSA,SSA118,STS304S5,STS304S5,S304,SUS304F,W,WR,DM,PF,SL,24,24,,S0556,"SeAH SPECIAL STEEL CO,. LTD.",D2023080227,010,D23W08W1577,N,2023-09-24,3,9W91,산세,1,150,8T00,소형압연,2,S22,터짐,제품불량,표면,4,JR,폐기,2023-09-24,,2023-08-27,2023-08-27,2023-08-28,F,\6,\4,\5,\14,A,A,8301,2023-09-21,8100,2023-09-23,24,0,,,0,0,,,0,0,,,0,0,8100,2023-09-23,C,2023-10-05,,,C
2023-10-04,2,9,S55315,B380489100,D23W9W1308,52,T,7730,SSA,SSA112,STS304S2,STS304S2,S304,304,W,WR,DH,PK,,18,18,,S1199,"OSUNG Fasteners Co.,LTD",D2023090158,007,D23W09W1433,N,2023-10-04,3,9W91,산세,1,"1,415",2Z00,2제강,2,S41,줄파임,제품불량,표면,4,JR,폐기,2023-10-04,,2023-08-27,2023-08-28,2023-08-28,,\2,\1,\2,\11,,,,,8100,2023-09-19,18,0,,,0,0,,,0,0,,,0,0,8100,2023-09-19,D,2023-11-02,,,C
2023-09-27,2,9,S55078,B370503600,D23W9W0372,90,T,7730,SSK,SSK012,STS304CUS4,STS304CUS4,S302CU,SUS304CU,W,WR,DH,PK,SL,24,24,,S0090,OSUNG WIRE SERVICE CO LTD.,D2023090194,001,D23W09W1778,N,2023-09-27,3,9W91,산세,1,155,2Z00,2제강,2,S11,종크랙,제품불량,표면,4,JR,폐기,2023-09-27,,2023-07-24,2023-07-24,2023-07-26,,\3,\2,\1,\5,A,A,8301,2023-09-23,8100,2023-09-23,24,0,,,0,0,,,0,0,,,0,0,8100,2023-09-23,C,2023-10-05,,,C
2023-09-24,2,9,S55313,B380502004,D23W8W1366,90,T,7730,SSA,SSA118,STS304S5,STS304S5,S304,SUS304F,W,WR,DM,PF,SL,23,23,,S0556,"SeAH SPECIAL STEEL CO,. LTD.",D2023080234,006,D23W08W1684,N,2023-09-24,3,9W91,산세,1,150,2T00,2제강,2,S22,터짐,제품불량,표면,4,JR,폐기,2023-09-24,,2023-08-27,2023-08-28,2023-08-28,,\6,\5,\4,\1,A,A,8301,2023-09-20,8100,2023-09-23,23,0,,,0,0,,,0,0,,,0,0,8100,2023-09-23,A,2023-10-05,,,C
2023-09-24,2,9,S55313,B380502004,D23W8W1366,90,T,7730,SSA,SSA118,STS304S5,STS304S5,S304,SUS304F,W,WR,DM,PF,SL,23,23,,S0556,"SeAH SPECIAL STEEL CO,. LTD.",D2023080234,006,D23W08W1684,N,2023-09-24,3,9W91,산세,1,150,8T00,소형압연,2,S22,터짐,제품불량,표면,4,JR,폐기,2023-09-24,,2023-08-27,2023-08-28,2023-08-28,,\6,\5,\4,\1,A,A,8301,2023-09-20,8100,2023-09-23,23,0,,,0,0,,,0,0,,,0,0,8100,2023-09-23,A,2023-10-05,,,C
2023-10-24,2,9,S54809,B360585500,D23W8W1380,152,T,7730,SSG,SSG011,STS303CS9,STS303CS9,S303C,SUS303C,W,WR,DM,PK,SL,23,23,,20229,"DONG IL STEEL CO.,LTD.",D2023080062,002,D23W08W0212,N,2023-10-24,3,9W91,산세,1,"1,395",2Z00,2제강,2,S41,줄파임,제품불량,표면,4,JR,폐기,2023-10-24,,2023-06-30,2023-06-30,2023-07-01,,\1,\1,\6,\11,A,A,8301,2023-09-19,8100,2023-09-23,23,0,,,0,0,,,0,0,,,0,0,8100,2023-09-23,A,2023-11-02,,,C
2023-09-24,2,9,S55313,B380502003,D23W8W1366,90,T,7730,SSA,SSA118,STS304S5,STS304S5,S304,SUS304F,W,WR,DM,PF,SL,23,23,,S0556,"SeAH SPECIAL STEEL CO,. LTD.",D2023080234,006,D23W08W1684,N,2023-09-24,3,9W91,산세,1,100,2T00,2제강,2,S22,터짐,제품불량,표면,4,JR,폐기,2023-09-24,,2023-08-27,2023-08-28,2023-08-28,,\6,\5,\5,\6,A,A,8301,2023-09-20,8100,2023-09-23,23,0,,,0,0,,,0,0,,,0,0,8100,2023-09-23,A,2023-10-05,,,C
2023-09-24,2,9,S55313,B380502003,D23W8W1366,90,T,7730,SSA,SSA118,STS304S5,STS304S5,S304,SUS304F,W,WR,DM,PF,SL,23,23,,S0556,"SeAH SPECIAL STEEL CO,. LTD.",D2023080234,006,D23W08W1684,N,2023-09-24,3,9W91,산세,1,100,8T00,소형압연,2,S22,터짐,제품불량,표면,4,JR,폐기,2023-09-24,,2023-08-27,2023-08-28,2023-08-28,,\6,\5,\5,\6,A,A,8301,2023-09-20,8100,2023-09-23,23,0,,,0,0,,,0,0,,,0,0,8100,2023-09-23,A,2023-10-05,,,C
2023-09-24,2,9,S55311,B380504001,D23W9W1515,90,T,7730,SSA,SSA118,STS304S5,STS304S5,S304,SUS304F,W,WR,DM,PF,SL,24,24,,S0556,"SeAH SPECIAL STEEL CO,. LTD.",D2023090229,009,D23W09W1943,N,2023-09-24,3,9W91,산세,1,80,2T00,2제강,2,S22,터짐,제품불량,표면,4,JR,폐기,2023-09-24,,2023-08-27,2023-08-27,2023-08-28,,\6,\3,\3,\6,A,A,8301,2023-09-21,8100,2023-09-23,24,0,,,0,0,,,0,0,,,0,0,8100,2023-09-23,C,2023-10-05,,,C
2023-09-24,2,9,S55311,B380504001,D23W9W1515,90,T,7730,SSA,SSA118,STS304S5,STS304S5,S304,SUS304F,W,WR,DM,PF,SL,24,24,,S0556,"SeAH SPECIAL STEEL CO,. LTD.",D2023090229,009,D23W09W1943,N,2023-09-24,3,9W91,산세,1,80,8T00,소형압연,2,S22,터짐,제품불량,표면,4,JR,폐기,2023-09-24,,2023-08-27,2023-08-27,2023-08-28,,\6,\3,\3,\6,A,A,8301,2023-09-21,8100,2023-09-23,24,0,,,0,0,,,0,0,,,0,0,8100,2023-09-23,C,2023-10-05,,,C
2023-10-31,2,9,S55303,B380539101,D23WAW1229,92,T,7730,SSA,SSA162,STS304SX,STS304SX,S304,CSS304FS,W,WR,DM,PF,SL,27,27,,S1065,SEAH METAL CO. LTD,D2023100049,010,D23W10W0230,N,2023-10-31,3,9W91,산세,1,150,8100,소형압연,2,S32,OVERLAP,제품불량,표면,4,JR,폐기,2023-10-31,B,2023-08-27,2023-08-27,2023-08-28,F,\6,\1,\6,\4,A,A,8301,2023-10-27,8100,2023-10-30,27,0,,,0,0,,,0,0,,,0,0,8100,2023-10-30,B,2023-11-02,,,C
2023-10-31,2,9,S55315,B380504900,E23W9W0252,72,T,7730,SSA,SSA230,304TOMOE,STS304S2,,SUS304,W,WR,OS,PF,,30,30,,S1772,"TOMOE WORKS CO.,LTD.",E2023090039,001,E23W09W0314,N,2023-10-24,3,9W91,산세,1,"1,453",8100,소형압연,2,D24,외경(변)초과,제품불량,치수,4,JR,폐기,2023-10-31,B,2023-08-27,2023-08-28,2023-08-28,,\2,\1,,,A,A,8301,2023-09-21,8100,2023-09-26,30,0,,,0,0,,,0,0,,,0,0,8100,2023-09-26,B,2023-11-02,,,C
2023-09-27,2,9,S55078,B370503601,D23W9W0372,90,T,7730,SSK,SSK012,STS304CUS4,STS304CUS4,S302CU,SUS304CU,W,WR,DH,PK,SL,24,24,,S0090,OSUNG WIRE SERVICE CO LTD.,D2023090194,001,D23W09W1778,N,2023-09-27,3,9W91,산세,1,180,2Z00,2제강,2,S11,종크랙,제품불량,표면,4,JR,폐기,2023-09-27,,2023-07-24,2023-07-24,2023-07-26,,\3,\2,\5,\2,A,A,8301,2023-09-23,8100,2023-09-23,24,0,,,0,0,,,0,0,,,0,0,8100,2023-09-23,C,2023-10-05,,,C
2023-09-24,2,9,S55311,B380504106,D23W9W1516,90,T,7730,SSA,SSA118,STS304S5,STS304S5,S304,SUS304F,W,WR,DM,PF,SL,24,24,,S0556,"SeAH SPECIAL STEEL CO,. LTD.",D2023090459,001,D23W09W2167,N,2023-09-24,3,9W91,산세,1,300,8100,소형압연,2,S32,OVERLAP,제품불량,표면,4,JR,폐기,2023-09-24,C,2023-08-27,2023-08-27,2023-08-28,,\6,\3,\4,\12,A,A,8301,2023-09-21,8100,2023-09-23,24,0,,,0,0,,,0,0,,,0,0,8100,2023-09-23,C,2023-10-05,,,C
2023-09-24,2,9,S55311,B380504300,D23W9W1516,90,T,7730,SSA,SSA118,STS304S5,STS304S5,S304,SUS304F,W,WR,DM,PF,SL,24,24,,S0556,"SeAH SPECIAL STEEL CO,. LTD.",D2023090459,001,D23W09W2167,N,2023-09-24,3,9W91,산세,1,125,2T00,2제강,2,S22,터짐,제품불량,표면,4,JR,폐기,2023-09-24,,2023-08-27,2023-08-27,2023-08-28,,\6,\3,\4,\11,A,A,8301,2023-09-21,8100,2023-09-23,24,0,,,0,0,,,0,0,,,0,0,8100,2023-09-23,C,2023-10-05,,,C
2023-09-21,2,9,S54809,B360584600,D23W8W1348,100,T,7730,SSG,SSG011,STS303CS9,STS303CS9,S303C,SUS303C,W,WR,DM,PK,SL,17,17,,20229,"DONG IL STEEL CO.,LTD.",D2023080072,001,D23W08W0241,N,2023-09-21,3,9W91,산세,1,200,2Z00,2제강,2,S41,줄파임,제품불량,표면,4,JR,폐기,2023-09-21,,2023-06-30,2023-06-30,2023-07-01,,\1,\1,\5,\5,A,A,8301,2023-09-07,8100,2023-09-15,17,0,,,0,0,,,0,0,,,0,0,8100,2023-09-15,A,2023-10-05,,,C
2023-10-04,2,9,S55351,B380428900,D23W9W0369,92,T,7730,SSK,SSK012,STS304CUS4,STS304CUS4,S302CU,SUS304CU,W,WR,DH,PK,SL,23,23,,S1065,SEAH METAL CO. LTD,D2023090189,004,D23W09W1644,N,2023-10-04,3,9W91,산세,1,125,2T00,2제강,2,S22,터짐,제품불량,표면,4,JR,폐기,2023-10-04,,2023-08-30,2023-08-30,2023-09-01,,\1,\1,\5,\12,A,A,8301,2023-09-22,8100,2023-09-23,23,0,,,0,0,,,0,0,,,0,0,8100,2023-09-23,D,2023-11-02,,,C
2023-10-04,2,9,S55351,B380428900,D23W9W0369,92,T,7730,SSK,SSK012,STS304CUS4,STS304CUS4,S302CU,SUS304CU,W,WR,DH,PK,SL,23,23,,S1065,SEAH METAL CO. LTD,D2023090189,004,D23W09W1644,N,2023-10-04,3,9W91,산세,1,125,8T00,소형압연,2,S22,터짐,제품불량,표면,4,JR,폐기,2023-10-04,,2023-08-30,2023-08-30,2023-09-01,,\1,\1,\5,\12,A,A,8301,2023-09-22,8100,2023-09-23,23,0,,,0,0,,,0,0,,,0,0,8100,2023-09-23,D,2023-11-02,,,C
2023-09-27,2,9,S55351,B380429002,D23W9W0370,90,T,7730,SSK,SSK012,STS304CUS4,STS304CUS4,S302CU,SUS304CU,W,WR,DH,PK,SL,24,24,,S0090,OSUNG WIRE SERVICE CO LTD.,D2023090187,008,D23W09W1374,N,2023-09-27,3,9W91,산세,1,125,2T00,2제강,2,S22,터짐,제품불량,표면,4,JR,폐기,2023-09-27,,2023-08-30,2023-08-30,2023-09-01,,\1,\1,\2,\12,A,A,8301,2023-09-22,8100,2023-09-23,24,0,,,0,0,,,0,0,,,0,0,8100,2023-09-23,C,2023-10-05,,,C
2023-09-27,2,9,S55351,B380429002,D23W9W0370,90,T,7730,SSK,SSK012,STS304CUS4,STS304CUS4,S302CU,SUS304CU,W,WR,DH,PK,SL,24,24,,S0090,OSUNG WIRE SERVICE CO LTD.,D2023090187,008,D23W09W1374,N,2023-09-27,3,9W91,산세,1,125,8T00,소형압연,2,S22,터짐,제품불량,표면,4,JR,폐기,2023-09-27,,2023-08-30,2023-08-30,2023-09-01,,\1,\1,\2,\12,A,A,8301,2023-09-22,8100,2023-09-23,24,0,,,0,0,,,0,0,,,0,0,8100,2023-09-23,C,2023-10-05,,,C
2023-09-24,2,9,S55311,B380504300,D23W9W1516,90,T,7730,SSA,SSA118,STS304S5,STS304S5,S304,SUS304F,W,WR,DM,PF,SL,24,24,,S0556,"SeAH SPECIAL STEEL CO,. LTD.",D2023090459,001,D23W09W2167,N,2023-09-24,3,9W91,산세,1,125,8T00,소형압연,2,S22,터짐,제품불량,표면,4,JR,폐기,2023-09-24,,2023-08-27,2023-08-27,2023-08-28,,\6,\3,\4,\11,A,A,8301,2023-09-21,8100,2023-09-23,24,0,,,0,0,,,0,0,,,0,0,8100,2023-09-23,C,2023-10-05,,,C
2023-09-24,2,9,S55311,B380504402,D23W9W1517,90,T,7730,SSA,SSA118,STS304S5,STS304S5,S304,SUS304F,W,WR,DM,PF,SL,25,25,,S0556,"SeAH SPECIAL STEEL CO,. LTD.",D2023090168,010,D23W09W1525,N,2023-09-24,3,9W91,산세,1,300,8100,소형압연,2,S19,SEAM+종크랙,제품불량,표면,4,JR,폐기,2023-09-24,C,2023-08-27,2023-08-27,2023-08-28,,\6,\3,\6,\2,A,A,8301,2023-09-21,8100,2023-09-23,25,0,,,0,0,,,0,0,,,0,0,8100,2023-09-23,C,2023-10-05,,,C
2023-09-24,2,9,S55306,B380494601,D23W9W1357,90,T,7730,SSA,SSA162,STS304SX,STS304SX,S304,CSS304F,W,WR,DM,PF,SL,24,24,,S0556,"SeAH SPECIAL STEEL CO,. LTD.",D2023090368,001,D23W09W2080,N,2023-09-24,3,9W91,산세,1,300,2Z00,2제강,2,S11,종크랙,제품불량,표면,4,JR,폐기,2023-09-24,,2023-08-27,2023-08-27,2023-08-28,,\6,\4,\2,\12,A,A,8301,2023-09-19,8100,2023-09-23,24,0,,,0,0,,,0,0,,,0,0,8100,2023-09-23,C,2023-10-05,,,C
2023-10-27,2,9,S55341,B380530708,D23WAW0840,80,T,7730,SSJ,SSJ026,STS304HCMS7,STS304HCMS7,,CSS304HC,W,WR,DH,PK,SL,15.5,15.5,,S1336,"SHIN JIN FASTENER CO.,LTD",D2023100168,004,D23W10W1238,N,2023-10-27,3,9W91,산세,1,78,2T00,2제강,2,S22,터짐,제품불량,표면,4,JR,폐기,2023-10-27,,2023-08-29,2023-08-29,2023-09-01,,\2,\2,\5,\4,A,A,8301,2023-10-10,8100,2023-10-14,15.5,0,,,0,0,,,0,0,,,0,0,8100,2023-10-14,A,2023-11-02,,,C
2023-10-27,2,9,S55341,B380530708,D23WAW0840,80,T,7730,SSJ,SSJ026,STS304HCMS7,STS304HCMS7,,CSS304HC,W,WR,DH,PK,SL,15.5,15.5,,S1336,"SHIN JIN FASTENER CO.,LTD",D2023100168,004,D23W10W1238,N,2023-10-27,3,9W91,산세,1,77,8T00,소형압연,2,S22,터짐,제품불량,표면,4,JR,폐기,2023-10-27,,2023-08-29,2023-08-29,2023-09-01,,\2,\2,\5,\4,A,A,8301,2023-10-10,8100,2023-10-14,15.5,0,,,0,0,,,0,0,,,0,0,8100,2023-10-14,A,2023-11-02,,,C
2023-10-10,2,9,S55300,B390037822,D23W9W1483,132,T,7730,SSH,SSH034,STS303FS8,STS303FS8,,CSS303FS,W,WR,DM,PF,SL,22,22,,S1065,SEAH METAL CO. LTD,D2023090192,002,D23W09W1685,N,2023-10-10,3,9W91,산세,1,150,8100,소형압연,2,D12,진원도(편경차)불량,제품불량,치수,4,JR,폐기,2023-10-10,A,2023-08-27,2023-08-27,2023-08-28,,\4,\3,\3,\4,A,A,8301,2023-09-03,8100,2023-09-22,22,0,,,0,0,,,0,0,,,0,0,8100,2023-09-22,A,2023-11-02,,,C
2023-09-25,2,9,S55305,B380495609,D23W9W1362,90,T,7730,SSA,SSA162,STS304SX,STS304SX,S304,CSS304F,W,WR,DM,PF,SL,26,26,,S0556,"SeAH SPECIAL STEEL CO,. LTD.",D2023090228,001,D23W09W1954,N,2023-09-25,3,9W91,산세,1,100,2T00,2제강,2,S22,터짐,제품불량,표면,4,JR,폐기,2023-09-25,,2023-08-27,2023-08-27,2023-08-28,,\6,\3,\6,\2,A,A,8301,2023-09-22,8100,2023-09-24,26,0,,,0,0,,,0,0,,,0,0,8100,2023-09-24,A,2023-10-05,,,C
2023-09-25,2,9,S55305,B380495609,D23W9W1362,90,T,7730,SSA,SSA162,STS304SX,STS304SX,S304,CSS304F,W,WR,DM,PF,SL,26,26,,S0556,"SeAH SPECIAL STEEL CO,. LTD.",D2023090228,001,D23W09W1954,N,2023-09-25,3,9W91,산세,1,100,8T00,소형압연,2,S22,터짐,제품불량,표면,4,JR,폐기,2023-09-25,,2023-08-27,2023-08-27,2023-08-28,,\6,\3,\6,\2,A,A,8301,2023-09-22,8100,2023-09-24,26,0,,,0,0,,,0,0,,,0,0,8100,2023-09-24,A,2023-10-05,,,C
2023-10-30,2,9,S55343,B380533001,D23WAW0944,100,T,7730,SSG,SSG011,STS303CS9,STS303CS9,S303C,SUS303C,W,WR,DM,PK,SL,15,15,,20229,"DONG IL STEEL CO.,LTD.",D2023100056,003,D23W10W0232,N,2023-10-30,3,9W91,산세,1,250,2T00,2제강,2,S22,터짐,제품불량,표면,4,JR,폐기,2023-10-30,,2023-08-29,2023-08-29,2023-08-30,,\2,\2,\2,\3,A,A,8301,2023-10-12,8100,2023-10-14,15,0,,,0,0,,,0,0,,,0,0,8100,2023-10-14,A,2023-11-02,,,C
2023-09-22,2,9,S54808,B360591100,D23W9W1385,80,T,7730,SSM,SSM104,STS316LS2,STS316LS2,S316LA,AISI316L,W,WR,DH,PK,SL,19,19,,21583,ORIENSMETAL,D2023090164,003,D23W09W1459,N,2023-09-22,3,9W91,산세,1,200,8100,소형압연,2,H14,권취불량,제품불량,형상,4,JR,폐기,2023-09-22,B,2023-06-30,2023-06-30,2023-07-01,,\2,\2,\6,\1,A,A,8301,2023-09-18,8100,2023-09-20,19,0,,,0,0,,,0,0,,,0,0,8100,2023-09-20,B,2023-10-05,,,C
2023-09-23,2,9,S54751,B360596501,D23W9W1495,80,T,7730,SSH,SSH002,STS303SY,STS303SY,S303,303FM,W,WR,DM,PK,SL,22,22,,S0808,TPLEX.CO.Ltd.,D2023090041,010,D23W09W0165,N,2023-09-23,3,9W91,산세,1,175,2T00,2제강,2,S22,터짐,제품불량,표면,4,JR,폐기,2023-09-23,,2023-06-27,2023-06-27,2023-06-27,,\5,\5,\1,\9,A,A,8301,2023-09-16,8100,2023-09-22,22,0,,,0,0,,,0,0,,,0,0,8100,2023-09-22,A,2023-10-05,,,C
2023-09-23,2,9,S54751,B360596501,D23W9W1495,80,T,7730,SSH,SSH002,STS303SY,STS303SY,S303,303FM,W,WR,DM,PK,SL,22,22,,S0808,TPLEX.CO.Ltd.,D2023090041,010,D23W09W0165,N,2023-09-23,3,9W91,산세,1,175,8T00,소형압연,2,S22,터짐,제품불량,표면,4,JR,폐기,2023-09-23,,2023-06-27,2023-06-27,2023-06-27,,\5,\5,\1,\9,A,A,8301,2023-09-16,8100,2023-09-22,22,0,,,0,0,,,0,0,,,0,0,8100,2023-09-22,A,2023-10-05,,,C
2023-09-26,2,9,S55305,B380495407,D23W9W1361,90,T,7730,SSA,SSA162,STS304SX,STS304SX,S304,304,W,WR,DM,PF,SL,26,26,,S0556,"SeAH SPECIAL STEEL CO,. LTD.",D2023090229,002,D23W09W1944,N,2023-09-26,3,9W91,산세,1,225,2T00,2제강,2,S22,터짐,제품불량,표면,4,JR,폐기,2023-09-26,,2023-08-27,2023-08-27,2023-08-28,,\6,\3,\6,\13,A,A,8301,2023-09-21,8100,2023-09-24,26,0,,,0,0,,,0,0,,,0,0,8100,2023-09-24,A,2023-10-05,,,C
2023-09-26,2,9,S55305,B380495407,D23W9W1361,90,T,7730,SSA,SSA162,STS304SX,STS304SX,S304,304,W,WR,DM,PF,SL,26,26,,S0556,"SeAH SPECIAL STEEL CO,. LTD.",D2023090229,002,D23W09W1944,N,2023-09-26,3,9W91,산세,1,225,8T00,소형압연,2,S22,터짐,제품불량,표면,4,JR,폐기,2023-09-26,,2023-08-27,2023-08-27,2023-08-28,,\6,\3,\6,\13,A,A,8301,2023-09-21,8100,2023-09-24,26,0,,,0,0,,,0,0,,,0,0,8100,2023-09-24,A,2023-10-05,,,C
2023-10-10,2,9,S55300,B390037923,D23WAW0558,142,T,7730,SSH,SSH034,STS303FS8,STS303FS8,,CSS303FS,W,WR,DM,PF,SL,22,22,,S1065,SEAH METAL CO. LTD,D2023100052,003,D23W10W0268,N,2023-10-10,3,9W91,산세,1,200,8100,소형압연,2,D12,진원도(편경차)불량,제품불량,치수,4,JR,폐기,2023-10-10,A,2023-08-27,2023-08-27,2023-08-28,,\4,\3,\1,\13,D,D,8301,2023-09-03,8100,2023-09-22,22,0,,,0,0,,,0,0,,,0,0,8100,2023-09-22,A,2023-11-02,,,C
2023-09-01,2,9,S55052,B370474300,D23W8W1266,80,T,7730,SSA,SSA162,STS304SX,STS304SX,S304,304,W,WR,DM,PK,SL,31,31,,S0808,TPLEX.CO.Ltd.,D2023080185,019,D23W08W0827,N,2023-09-01,3,9W91,산세,1,400,8100,소형압연,2,S20,SEAM+터짐,제품불량,표면,4,JR,폐기,2023-09-01,D,2023-07-22,2023-07-22,2023-07-24,,\6,\5,\3,\11,A,A,8301,2023-08-26,8100,2023-08-29,31,0,,,0,0,,,0,0,,,0,0,8100,2023-08-29,D,2023-10-05,,,C
2023-09-26,2,9,S55361,B380498900,D23W9W1421,80,T,7730,SSM,SSM181,316LDSB,316LDSB,S316/316LD,316/316L,W,WR,DM,PK,SL,29,29,,S0808,TPLEX.CO.Ltd.,D2023090035,007,D23W09W0176,N,2023-09-26,3,9W91,산세,1,250,8100,소형압연,2,S75,취급흠,제품불량,표면,4,JR,폐기,2023-09-26,D,2023-08-31,2023-08-31,2023-09-01,,\2,\2,\6,\11,A,A,8301,2023-09-24,8100,2023-09-26,29,0,,,0,0,,,0,0,,,0,0,8100,2023-09-26,D,2023-10-05,,,C
2023-09-23,2,9,S55341,B380488701,D23W9W1305,80,T,7730,SSJ,SSJ026,STS304HCMS7,STS304HCMS7,,CSS304HC,W,WR,DH,PK,SL,20,20,,S1373,DAE NAM GONG UP SA.,D2023090171,007,D23W09W1446,N,2023-09-23,3,9W91,산세,1,100,2T00,2제강,2,S22,터짐,제품불량,표면,4,JR,폐기,2023-09-23,,2023-08-29,2023-08-29,2023-09-01,,\2,\2,\1,\5,A,A,8301,2023-09-17,8100,2023-09-21,20,0,,,0,0,,,0,0,,,0,0,8100,2023-09-21,B,2023-10-05,,,C
2023-09-04,2,9,S54808,B360548300,D23W8W0984,82,T,7730,SSM,SSM104,STS316LS2,STS316LS2,S316LA,316L,W,WR,DH,PK,SL,18,18,,S1336,"SHIN JIN FASTENER CO.,LTD",D2023080232,003,D23W08W1646,N,2023-09-04,3,9W91,산세,1,"1,419",8100,소형압연,2,S13,SEAM,제품불량,표면,4,JR,폐기,2023-09-04,A,2023-06-30,2023-06-30,2023-07-01,,\2,\2,\3,\11,A,A,8301,2023-08-23,8100,2023-08-24,18,0,,,0,0,,,0,0,,,0,0,8100,2023-08-24,A,2023-10-05,,,C
2023-09-23,2,9,S55341,B380488701,D23W9W1305,80,T,7730,SSJ,SSJ026,STS304HCMS7,STS304HCMS7,,CSS304HC,W,WR,DH,PK,SL,20,20,,S1373,DAE NAM GONG UP SA.,D2023090171,007,D23W09W1446,N,2023-09-23,3,9W91,산세,1,100,8T00,소형압연,2,S22,터짐,제품불량,표면,4,JR,폐기,2023-09-23,,2023-08-29,2023-08-29,2023-09-01,,\2,\2,\1,\5,A,A,8301,2023-09-17,8100,2023-09-21,20,0,,,0,0,,,0,0,,,0,0,8100,2023-09-21,B,2023-10-05,,,C
2023-09-27,2,9,S55351,B380429004,D23W9W0370,90,T,7730,SSK,SSK012,STS304CUS4,STS304CUS4,S302CU,SUS304CU,W,WR,DH,PK,SL,24,24,,S0090,OSUNG WIRE SERVICE CO LTD.,D2023090187,008,D23W09W1374,N,2023-09-27,3,9W91,산세,1,200,2Z00,2제강,2,S11,종크랙,제품불량,표면,4,JR,폐기,2023-09-27,,2023-08-30,2023-08-30,2023-09-01,,\1,\1,\6,\4,A,A,8301,2023-09-22,8100,2023-09-23,24,0,,,0,0,,,0,0,,,0,0,8100,2023-09-23,C,2023-10-05,,,C
2023-09-23,2,9,S55349,B380500704,E23W9W0247,90,T,7730,SSK,SSK010,STS304CUMS4,STS304CUMS4,S302CUM,SUSXM7,W,WR,DH,PK,SL,22,22,,S1568,"KISHIWADA STAINLESS CO., LTD.",E2023090044,008,E23W09W0328,N,2023-09-23,3,9W91,산세,1,450,2Z00,2제강,2,S41,줄파임,제품불량,표면,4,JR,폐기,2023-09-23,,2023-08-30,2023-08-30,2023-09-01,,\2,\1,\5,\9,A,A,8301,2023-09-21,8100,2023-09-22,22,0,,,0,0,,,0,0,,,0,0,8100,2023-09-22,A,2023-10-05,,,C